start,glucose_mgdl
2025-07-28 23:00:00+00:00,74.93508
2025-07-28 23:05:00+00:00,83.92734
2025-07-28 23:10:00+00:00,88.92306
2025-07-28 23:15:00+00:00,95.91695999999999
2025-07-28 23:20:00+00:00,88.92306
2025-07-28 23:25:00+00:00,87.92388
2025-07-28 23:30:00+00:00,90.92124
2025-07-28 23:35:00+00:00,91.92042000000001
2025-07-28 23:40:00+00:00,87.92388
2025-07-28 23:45:00+00:00,88.92306
2025-07-28 23:50:00+00:00,91.92042000000001
2025-07-28 23:55:00+00:00,87.92388
2025-07-29 00:00:00+00:00,86.9247
2025-07-29 00:05:00+00:00,88.92306
2025-07-29 00:10:00+00:00,84.92652
2025-07-29 00:15:00+00:00,84.92652
2025-07-29 00:20:00+00:00,86.9247
2025-07-29 00:25:00+00:00,85.92552
2025-07-29 00:30:00+00:00,87.92388
2025-07-29 00:35:00+00:00,90.92124
2025-07-29 00:40:00+00:00,94.91778
2025-07-29 00:45:00+00:00,98.91432
2025-07-29 00:50:00+00:00,101.91168
2025-07-29 00:55:00+00:00,111.90312
2025-07-29 01:00:00+00:00,116.89883999999999
2025-07-29 01:05:00+00:00,117.89784
2025-07-29 01:10:00+00:00,121.89438
2025-07-29 01:15:00+00:00,118.89702
2025-07-29 01:20:00+00:00,114.90047999999999
2025-07-29 01:25:00+00:00,114.90047999999999
2025-07-29 01:30:00+00:00,109.90476
2025-07-29 01:35:00+00:00,106.90740000000001
2025-07-29 01:40:00+00:00,110.90394
2025-07-29 01:45:00+00:00,100.91268
2025-07-29 01:50:00+00:00,98.91432
2025-07-29 01:55:00+00:00,105.90822
2025-07-29 02:00:00+00:00,99.9135
2025-07-29 02:05:00+00:00,100.91268
2025-07-29 02:10:00+00:00,101.91168
2025-07-29 02:15:00+00:00,104.90922
2025-07-29 02:20:00+00:00,104.90922
2025-07-29 02:25:00+00:00,104.90922
2025-07-29 02:30:00+00:00,105.90822
2025-07-29 02:35:00+00:00,103.91004
2025-07-29 02:40:00+00:00,99.9135
2025-07-29 02:45:00+00:00,95.91695999999999
2025-07-29 02:50:00+00:00,95.91695999999999
2025-07-29 02:55:00+00:00,91.92042000000001
2025-07-29 03:00:00+00:00,85.92552
2025-07-29 03:05:00+00:00,86.9247
2025-07-29 03:10:00+00:00,86.9247
2025-07-29 03:15:00+00:00,85.92552
2025-07-29 03:20:00+00:00,86.9247
2025-07-29 03:25:00+00:00,84.92652
2025-07-29 03:30:00+00:00,82.92816
2025-07-29 03:35:00+00:00,84.92652
2025-07-29 03:40:00+00:00,81.92898
2025-07-29 03:45:00+00:00,79.9308
2025-07-29 03:50:00+00:00,80.92998
2025-07-29 03:55:00+00:00,81.92898
2025-07-29 04:00:00+00:00,79.9308
2025-07-29 04:05:00+00:00,79.9308
2025-07-29 04:10:00+00:00,81.92898
2025-07-29 04:15:00+00:00,80.92998
2025-07-29 04:20:00+00:00,77.93244
2025-07-29 04:25:00+00:00,75.93426
2025-07-29 04:30:00+00:00,77.93244
2025-07-29 04:35:00+00:00,76.93343999999999
2025-07-29 04:40:00+00:00,75.93426
2025-07-29 04:45:00+00:00,74.93508
2025-07-29 04:50:00+00:00,75.93426
2025-07-29 04:55:00+00:00,75.93426
2025-07-29 05:00:00+00:00,75.93426
2025-07-29 05:05:00+00:00,75.93426
2025-07-29 05:10:00+00:00,75.93426
2025-07-29 05:15:00+00:00,77.93244
2025-07-29 05:20:00+00:00,79.9308
2025-07-29 05:25:00+00:00,79.9308
2025-07-29 05:30:00+00:00,80.92998
2025-07-29 05:35:00+00:00,84.92652
2025-07-29 05:40:00+00:00,86.9247
2025-07-29 05:45:00+00:00,83.92734
2025-07-29 05:50:00+00:00,82.92816
2025-07-29 05:55:00+00:00,82.92816
2025-07-29 06:00:00+00:00,83.92734
2025-07-29 06:05:00+00:00,82.92816
2025-07-29 06:10:00+00:00,83.92734
2025-07-29 06:15:00+00:00,83.92734
2025-07-29 06:20:00+00:00,83.92734
2025-07-29 06:25:00+00:00,82.92816
2025-07-29 06:30:00+00:00,82.92816
2025-07-29 06:35:00+00:00,81.92898
2025-07-29 06:40:00+00:00,79.9308
2025-07-29 06:45:00+00:00,82.92816
2025-07-29 06:50:00+00:00,83.92734
2025-07-29 06:55:00+00:00,84.92652
2025-07-29 07:00:00+00:00,90.92124
2025-07-29 07:05:00+00:00,90.92124
2025-07-29 07:10:00+00:00,88.92306
2025-07-29 07:15:00+00:00,87.92388
2025-07-29 07:20:00+00:00,86.9247
2025-07-29 07:25:00+00:00,82.92816
2025-07-29 07:30:00+00:00,80.92998
2025-07-29 07:35:00+00:00,81.92898
2025-07-29 07:40:00+00:00,81.92898
2025-07-29 07:45:00+00:00,81.92898
2025-07-29 07:50:00+00:00,81.92898
2025-07-29 07:55:00+00:00,81.92898
2025-07-29 08:00:00+00:00,81.92898
2025-07-29 08:05:00+00:00,78.93162
2025-07-29 08:10:00+00:00,78.93162
2025-07-29 08:15:00+00:00,77.93244
2025-07-29 08:20:00+00:00,77.93244
2025-07-29 08:25:00+00:00,78.93162
2025-07-29 08:30:00+00:00,80.92998
2025-07-29 08:35:00+00:00,81.92898
2025-07-29 08:40:00+00:00,81.92898
2025-07-29 08:45:00+00:00,84.92652
2025-07-29 08:50:00+00:00,86.9247
2025-07-29 08:55:00+00:00,84.92652
2025-07-29 09:00:00+00:00,82.92816
2025-07-29 09:05:00+00:00,82.92816
2025-07-29 09:10:00+00:00,81.92898
2025-07-29 09:15:00+00:00,79.9308
2025-07-29 09:20:00+00:00,78.93162
2025-07-29 09:25:00+00:00,78.93162
2025-07-29 09:30:00+00:00,79.9308
2025-07-29 09:35:00+00:00,79.9308
2025-07-29 09:40:00+00:00,80.92998
2025-07-29 09:45:00+00:00,81.92898
2025-07-29 09:50:00+00:00,83.92734
2025-07-29 09:55:00+00:00,84.92652
2025-07-29 10:00:00+00:00,86.9247
2025-07-29 10:05:00+00:00,88.92306
2025-07-29 10:10:00+00:00,87.92388
2025-07-29 10:15:00+00:00,84.92652
2025-07-29 10:20:00+00:00,83.92734
2025-07-29 10:25:00+00:00,81.92898
2025-07-29 10:30:00+00:00,78.93162
2025-07-29 10:35:00+00:00,77.93244
2025-07-29 10:40:00+00:00,78.93162
2025-07-29 10:45:00+00:00,78.93162
2025-07-29 10:50:00+00:00,80.92998
2025-07-29 10:55:00+00:00,82.92816
2025-07-29 11:00:00+00:00,84.92652
2025-07-29 11:05:00+00:00,88.92306
2025-07-29 11:10:00+00:00,85.92552
2025-07-29 11:15:00+00:00,88.92306
2025-07-29 11:20:00+00:00,89.92205999999999
2025-07-29 11:25:00+00:00,86.9247
2025-07-29 11:30:00+00:00,87.92388
2025-07-29 11:35:00+00:00,85.92552
2025-07-29 11:40:00+00:00,82.92816
2025-07-29 11:45:00+00:00,82.92816
2025-07-29 11:50:00+00:00,80.92998
2025-07-29 11:55:00+00:00,79.9308
2025-07-29 12:00:00+00:00,78.93162
2025-07-29 12:05:00+00:00,78.93162
2025-07-29 12:10:00+00:00,80.92998
2025-07-29 12:15:00+00:00,83.92734
2025-07-29 12:20:00+00:00,85.92552
2025-07-29 12:25:00+00:00,88.92306
2025-07-29 12:30:00+00:00,89.92205999999999
2025-07-29 12:35:00+00:00,89.92205999999999
2025-07-29 12:40:00+00:00,87.92388
2025-07-29 12:45:00+00:00,84.92652
2025-07-29 12:50:00+00:00,84.92652
2025-07-29 12:55:00+00:00,83.92734
2025-07-29 13:00:00+00:00,84.92652
2025-07-29 13:05:00+00:00,85.92552
2025-07-29 13:10:00+00:00,87.92388
2025-07-29 13:15:00+00:00,87.92388
2025-07-29 13:20:00+00:00,85.92552
2025-07-29 13:25:00+00:00,87.92388
2025-07-29 13:30:00+00:00,87.92388
2025-07-29 13:35:00+00:00,88.92306
2025-07-29 13:40:00+00:00,88.92306
2025-07-29 13:45:00+00:00,89.92205999999999
2025-07-29 13:50:00+00:00,88.92306
2025-07-29 13:55:00+00:00,87.92388
2025-07-29 14:00:00+00:00,86.9247
2025-07-29 14:05:00+00:00,85.92552
2025-07-29 14:10:00+00:00,85.92552
2025-07-29 14:15:00+00:00,83.92734
2025-07-29 14:20:00+00:00,82.92816
2025-07-29 14:25:00+00:00,83.92734
2025-07-29 14:30:00+00:00,84.92652
2025-07-29 14:35:00+00:00,83.92734
2025-07-29 14:40:00+00:00,83.92734
2025-07-29 14:45:00+00:00,84.92652
2025-07-29 14:50:00+00:00,84.92652
2025-07-29 14:55:00+00:00,81.92898
2025-07-29 15:00:00+00:00,81.92898
2025-07-29 15:05:00+00:00,81.92898
2025-07-29 15:10:00+00:00,79.9308
2025-07-29 15:15:00+00:00,80.92998
2025-07-29 15:20:00+00:00,79.9308
2025-07-29 15:25:00+00:00,80.92998
2025-07-29 15:30:00+00:00,80.92998
2025-07-29 15:35:00+00:00,80.92998
2025-07-29 15:40:00+00:00,81.92898
2025-07-29 15:45:00+00:00,81.92898
2025-07-29 15:50:00+00:00,80.92998
2025-07-29 15:55:00+00:00,81.92898
2025-07-29 16:00:00+00:00,81.92898
2025-07-29 16:05:00+00:00,81.92898
2025-07-29 16:10:00+00:00,81.92898
2025-07-29 16:15:00+00:00,81.92898
2025-07-29 16:20:00+00:00,81.92898
2025-07-29 16:25:00+00:00,82.92816
2025-07-29 16:30:00+00:00,82.92816
2025-07-29 16:35:00+00:00,82.92816
2025-07-29 16:40:00+00:00,83.92734
2025-07-29 16:45:00+00:00,84.92652
2025-07-29 16:50:00+00:00,85.92552
2025-07-29 16:55:00+00:00,84.92652
2025-07-29 17:00:00+00:00,84.92652
2025-07-29 17:05:00+00:00,84.92652
2025-07-29 17:10:00+00:00,84.92652
2025-07-29 17:15:00+00:00,86.9247
2025-07-29 17:20:00+00:00,87.92388
2025-07-29 17:25:00+00:00,92.9196
2025-07-29 17:30:00+00:00,101.91168
2025-07-29 17:35:00+00:00,108.90576
2025-07-29 17:40:00+00:00,117.89784
2025-07-29 17:45:00+00:00,129.88746
2025-07-29 17:50:00+00:00,142.87626
2025-07-29 17:55:00+00:00,153.86669999999998
2025-07-29 18:00:00+00:00,161.85978
2025-07-29 18:05:00+00:00,164.85732
2025-07-29 18:10:00+00:00,164.85732
2025-07-29 18:15:00+00:00,158.86242
2025-07-29 18:20:00+00:00,150.86934
2025-07-29 18:25:00+00:00,141.87708
2025-07-29 18:30:00+00:00,130.88664
2025-07-29 18:35:00+00:00,122.89356000000001
2025-07-29 18:40:00+00:00,116.89883999999999
2025-07-29 18:45:00+00:00,112.90230000000001
2025-07-29 18:50:00+00:00,109.90476
2025-07-29 18:55:00+00:00,107.90658
2025-07-29 19:00:00+00:00,107.90658
2025-07-29 19:05:00+00:00,105.90822
2025-07-29 19:10:00+00:00,103.91004
2025-07-29 19:15:00+00:00,103.91004
2025-07-29 19:20:00+00:00,104.90922
2025-07-29 19:25:00+00:00,105.90822
2025-07-29 19:30:00+00:00,106.90740000000001
2025-07-29 19:35:00+00:00,105.90822
2025-07-29 19:40:00+00:00,105.90822
2025-07-29 19:45:00+00:00,104.90922
2025-07-29 19:50:00+00:00,102.91086
2025-07-29 19:55:00+00:00,100.91268
2025-07-29 20:00:00+00:00,99.9135
2025-07-29 20:05:00+00:00,97.91514
2025-07-29 20:10:00+00:00,94.91778
2025-07-29 20:15:00+00:00,92.9196
2025-07-29 20:20:00+00:00,91.92042000000001
2025-07-29 20:25:00+00:00,90.92124
2025-07-29 20:30:00+00:00,88.92306
2025-07-29 20:35:00+00:00,89.92205999999999
2025-07-29 20:40:00+00:00,93.9186
2025-07-29 20:45:00+00:00,96.91614
2025-07-29 20:50:00+00:00,104.90922
2025-07-29 20:55:00+00:00,113.90129999999999
2025-07-29 21:00:00+00:00,118.89702
2025-07-29 21:05:00+00:00,123.89274
2025-07-29 21:10:00+00:00,125.89092000000001
2025-07-29 21:15:00+00:00,121.89438
2025-07-29 21:20:00+00:00,121.89438
2025-07-29 21:25:00+00:00,116.89883999999999
2025-07-29 21:30:00+00:00,105.90822
2025-07-29 21:35:00+00:00,99.9135
2025-07-29 21:40:00+00:00,89.92205999999999
2025-07-29 21:45:00+00:00,80.92998
2025-07-29 21:50:00+00:00,76.93343999999999
2025-07-29 21:55:00+00:00,75.93426
2025-07-29 22:00:00+00:00,73.9359
2025-07-29 22:05:00+00:00,71.93772
2025-07-29 22:10:00+00:00,71.93772
2025-07-29 22:15:00+00:00,71.93772
2025-07-29 22:20:00+00:00,72.93690000000001
2025-07-29 22:25:00+00:00,73.9359
2025-07-29 22:30:00+00:00,76.93343999999999
2025-07-29 22:35:00+00:00,79.9308
2025-07-29 22:40:00+00:00,82.92816
2025-07-29 22:45:00+00:00,86.9247
2025-07-29 22:50:00+00:00,94.91778
2025-07-29 22:55:00+00:00,99.9135
2025-07-29 23:00:00+00:00,108.90576
2025-07-29 23:05:00+00:00,116.89883999999999
2025-07-29 23:10:00+00:00,117.89784
2025-07-29 23:15:00+00:00,119.8962
2025-07-29 23:20:00+00:00,114.90047999999999
2025-07-29 23:25:00+00:00,104.90922
2025-07-29 23:30:00+00:00,95.91695999999999
2025-07-29 23:35:00+00:00,91.92042000000001
2025-07-29 23:40:00+00:00,86.9247
2025-07-29 23:45:00+00:00,84.92652
2025-07-29 23:50:00+00:00,87.92388
2025-07-29 23:55:00+00:00,90.92124
2025-07-30 00:00:00+00:00,94.91778
2025-07-30 00:05:00+00:00,102.91086
2025-07-30 00:10:00+00:00,107.90658
2025-07-30 00:15:00+00:00,108.90576
2025-07-30 00:20:00+00:00,108.90576
2025-07-30 00:25:00+00:00,108.90576
2025-07-30 00:30:00+00:00,107.90658
2025-07-30 00:35:00+00:00,104.90922
2025-07-30 00:40:00+00:00,101.91168
2025-07-30 00:45:00+00:00,99.9135
2025-07-30 00:50:00+00:00,98.91432
2025-07-30 00:55:00+00:00,98.91432
2025-07-30 01:00:00+00:00,97.91514
2025-07-30 01:05:00+00:00,96.91614
2025-07-30 01:10:00+00:00,96.91614
2025-07-30 01:15:00+00:00,95.91695999999999
2025-07-30 01:20:00+00:00,93.9186
2025-07-30 01:25:00+00:00,92.9196
2025-07-30 01:30:00+00:00,94.91778
2025-07-30 01:35:00+00:00,95.91695999999999
2025-07-30 01:40:00+00:00,96.91614
2025-07-30 01:45:00+00:00,97.91514
2025-07-30 01:50:00+00:00,97.91514
2025-07-30 01:55:00+00:00,98.91432
2025-07-30 02:00:00+00:00,96.91614
2025-07-30 02:05:00+00:00,94.91778
2025-07-30 02:10:00+00:00,95.91695999999999
2025-07-30 02:15:00+00:00,92.9196
2025-07-30 02:20:00+00:00,90.92124
2025-07-30 02:25:00+00:00,90.92124
2025-07-30 02:30:00+00:00,88.92306
2025-07-30 02:35:00+00:00,85.92552
2025-07-30 02:40:00+00:00,84.92652
2025-07-30 02:45:00+00:00,86.9247
2025-07-30 02:50:00+00:00,86.9247
2025-07-30 02:55:00+00:00,84.92652
2025-07-30 03:00:00+00:00,84.92652
2025-07-30 03:05:00+00:00,88.92306
2025-07-30 03:10:00+00:00,83.92734
2025-07-30 03:15:00+00:00,86.9247
2025-07-30 03:20:00+00:00,94.91778
2025-07-30 03:25:00+00:00,87.92388
2025-07-30 03:30:00+00:00,83.92734
2025-07-30 03:35:00+00:00,85.92552
2025-07-30 03:40:00+00:00,85.92552
2025-07-30 03:45:00+00:00,86.9247
2025-07-30 03:50:00+00:00,82.92816
2025-07-30 03:55:00+00:00,85.92552
2025-07-30 04:00:00+00:00,86.9247
2025-07-30 04:05:00+00:00,83.92734
2025-07-30 04:10:00+00:00,84.92652
2025-07-30 04:15:00+00:00,76.93343999999999
2025-07-30 04:20:00+00:00,71.93772
2025-07-30 04:25:00+00:00,70.93854
2025-07-30 04:30:00+00:00,69.93936000000001
2025-07-30 04:35:00+00:00,67.94118
2025-07-30 04:40:00+00:00,67.94118
2025-07-30 04:45:00+00:00,68.94036
2025-07-30 04:50:00+00:00,68.94036
2025-07-30 04:55:00+00:00,68.94036
2025-07-30 05:00:00+00:00,68.94036
2025-07-30 05:05:00+00:00,66.942
2025-07-30 05:10:00+00:00,65.94282
2025-07-30 05:15:00+00:00,65.94282
2025-07-30 05:20:00+00:00,65.94282
2025-07-30 05:25:00+00:00,64.94382
2025-07-30 05:30:00+00:00,64.94382
2025-07-30 05:35:00+00:00,65.94282
2025-07-30 05:40:00+00:00,65.94282
2025-07-30 05:45:00+00:00,66.942
2025-07-30 05:50:00+00:00,66.942
2025-07-30 05:55:00+00:00,66.942
2025-07-30 06:00:00+00:00,66.942
2025-07-30 06:05:00+00:00,68.94036
2025-07-30 06:10:00+00:00,68.94036
2025-07-30 06:15:00+00:00,67.94118
2025-07-30 06:20:00+00:00,71.93772
2025-07-30 06:25:00+00:00,71.93772
2025-07-30 06:30:00+00:00,70.93854
2025-07-30 06:35:00+00:00,73.9359
2025-07-30 06:40:00+00:00,71.93772
2025-07-30 06:45:00+00:00,68.94036
2025-07-30 06:50:00+00:00,65.94282
2025-07-30 06:55:00+00:00,64.94382
2025-07-30 07:00:00+00:00,62.945460000000004
2025-07-30 07:05:00+00:00,61.94628
2025-07-30 07:10:00+00:00,61.94628
2025-07-30 07:15:00+00:00,61.94628
2025-07-30 07:20:00+00:00,62.945460000000004
2025-07-30 07:25:00+00:00,64.94382
2025-07-30 07:30:00+00:00,66.942
2025-07-30 07:35:00+00:00,66.942
2025-07-30 07:40:00+00:00,69.93936000000001
2025-07-30 07:45:00+00:00,78.93162
2025-07-30 07:50:00+00:00,75.93426
2025-07-30 07:55:00+00:00,71.93772
2025-07-30 08:00:00+00:00,74.93508
2025-07-30 08:05:00+00:00,68.94036
2025-07-30 08:10:00+00:00,62.945460000000004
2025-07-30 08:15:00+00:00,60.94728
2025-07-30 08:20:00+00:00,61.94628
2025-07-30 08:25:00+00:00,62.945460000000004
2025-07-30 08:30:00+00:00,64.94382
2025-07-30 08:35:00+00:00,72.93690000000001
2025-07-30 08:40:00+00:00,75.93426
2025-07-30 08:45:00+00:00,74.93508
2025-07-30 08:50:00+00:00,72.93690000000001
2025-07-30 08:55:00+00:00,73.9359
2025-07-30 09:00:00+00:00,73.9359
2025-07-30 09:05:00+00:00,70.93854
2025-07-30 09:10:00+00:00,71.93772
2025-07-30 09:15:00+00:00,70.93854
2025-07-30 09:20:00+00:00,70.93854
2025-07-30 09:25:00+00:00,72.93690000000001
2025-07-30 09:30:00+00:00,71.93772
2025-07-30 09:35:00+00:00,71.93772
2025-07-30 09:40:00+00:00,71.93772
2025-07-30 09:45:00+00:00,72.93690000000001
2025-07-30 09:50:00+00:00,73.9359
2025-07-30 09:55:00+00:00,73.9359
2025-07-30 10:00:00+00:00,73.9359
2025-07-30 10:05:00+00:00,73.9359
2025-07-30 10:10:00+00:00,73.9359
2025-07-30 10:15:00+00:00,73.9359
2025-07-30 10:20:00+00:00,72.93690000000001
2025-07-30 10:25:00+00:00,72.93690000000001
2025-07-30 10:30:00+00:00,72.93690000000001
2025-07-30 10:35:00+00:00,69.93936000000001
2025-07-30 10:40:00+00:00,71.93772
2025-07-30 10:45:00+00:00,72.93690000000001
2025-07-30 10:50:00+00:00,74.93508
2025-07-30 10:55:00+00:00,75.93426
2025-07-30 11:00:00+00:00,76.93343999999999
2025-07-30 11:05:00+00:00,80.92998
2025-07-30 11:10:00+00:00,79.9308
2025-07-30 11:15:00+00:00,79.9308
2025-07-30 11:20:00+00:00,83.92734
2025-07-30 11:25:00+00:00,84.92652
2025-07-30 11:30:00+00:00,83.92734
2025-07-30 11:35:00+00:00,84.92652
2025-07-30 11:40:00+00:00,84.92652
2025-07-30 11:45:00+00:00,82.92816
2025-07-30 11:50:00+00:00,83.92734
2025-07-30 11:55:00+00:00,85.92552
2025-07-30 12:00:00+00:00,85.92552
2025-07-30 12:05:00+00:00,86.9247
2025-07-30 12:10:00+00:00,87.92388
2025-07-30 12:15:00+00:00,87.92388
2025-07-30 12:20:00+00:00,87.92388
2025-07-30 12:25:00+00:00,86.9247
2025-07-30 12:30:00+00:00,85.92552
2025-07-30 12:35:00+00:00,84.92652
2025-07-30 12:40:00+00:00,81.92898
2025-07-30 12:45:00+00:00,82.92816
2025-07-30 12:50:00+00:00,81.92898
2025-07-30 12:55:00+00:00,78.93162
2025-07-30 13:00:00+00:00,79.9308
2025-07-30 13:05:00+00:00,81.92898
2025-07-30 13:10:00+00:00,81.92898
2025-07-30 13:15:00+00:00,82.92816
2025-07-30 13:20:00+00:00,79.9308
2025-07-30 13:25:00+00:00,76.93343999999999
2025-07-30 13:30:00+00:00,76.93343999999999
2025-07-30 13:35:00+00:00,76.93343999999999
2025-07-30 13:40:00+00:00,75.93426
2025-07-30 13:45:00+00:00,78.93162
2025-07-30 13:50:00+00:00,78.93162
2025-07-30 13:55:00+00:00,77.93244
2025-07-30 14:00:00+00:00,78.93162
2025-07-30 14:05:00+00:00,80.92998
2025-07-30 14:10:00+00:00,83.92734
2025-07-30 14:15:00+00:00,88.92306
2025-07-30 14:20:00+00:00,94.91778
2025-07-30 14:25:00+00:00,98.91432
2025-07-30 14:30:00+00:00,100.91268
2025-07-30 14:35:00+00:00,98.91432
2025-07-30 14:40:00+00:00,94.91778
2025-07-30 14:45:00+00:00,90.92124
2025-07-30 14:50:00+00:00,87.92388
2025-07-30 14:55:00+00:00,88.92306
2025-07-30 15:00:00+00:00,88.92306
2025-07-30 15:05:00+00:00,90.92124
2025-07-30 15:10:00+00:00,91.92042000000001
2025-07-30 15:15:00+00:00,93.9186
2025-07-30 15:20:00+00:00,94.91778
2025-07-30 15:25:00+00:00,92.9196
2025-07-30 15:30:00+00:00,88.92306
2025-07-30 15:35:00+00:00,85.92552
2025-07-30 15:40:00+00:00,81.92898
2025-07-30 15:45:00+00:00,80.92998
2025-07-30 15:50:00+00:00,79.9308
2025-07-30 15:55:00+00:00,77.93244
2025-07-30 16:00:00+00:00,77.93244
2025-07-30 16:05:00+00:00,77.93244
2025-07-30 16:10:00+00:00,77.93244
2025-07-30 16:15:00+00:00,77.93244
2025-07-30 16:20:00+00:00,76.93343999999999
2025-07-30 16:25:00+00:00,77.93244
2025-07-30 16:30:00+00:00,77.93244
2025-07-30 16:35:00+00:00,77.93244
2025-07-30 16:40:00+00:00,77.93244
2025-07-30 16:45:00+00:00,74.93508
2025-07-30 16:50:00+00:00,75.93426
2025-07-30 16:55:00+00:00,77.93244
2025-07-30 17:00:00+00:00,75.93426
2025-07-30 17:05:00+00:00,75.93426
2025-07-30 17:10:00+00:00,78.93162
2025-07-30 17:15:00+00:00,75.93426
2025-07-30 17:20:00+00:00,76.93343999999999
2025-07-30 17:25:00+00:00,79.9308
2025-07-30 17:30:00+00:00,81.92898
2025-07-30 17:35:00+00:00,84.92652
2025-07-30 17:40:00+00:00,88.92306
2025-07-30 17:45:00+00:00,95.91695999999999
2025-07-30 17:50:00+00:00,100.91268
2025-07-30 17:55:00+00:00,105.90822
2025-07-30 18:00:00+00:00,108.90576
2025-07-30 18:05:00+00:00,109.90476
2025-07-30 18:10:00+00:00,109.90476
2025-07-30 18:15:00+00:00,109.90476
2025-07-30 18:20:00+00:00,106.90740000000001
2025-07-30 18:25:00+00:00,102.91086
2025-07-30 18:30:00+00:00,98.91432
2025-07-30 18:35:00+00:00,95.91695999999999
2025-07-30 18:40:00+00:00,91.92042000000001
2025-07-30 18:45:00+00:00,89.92205999999999
2025-07-30 18:50:00+00:00,87.92388
2025-07-30 18:55:00+00:00,86.9247
2025-07-30 19:00:00+00:00,85.92552
2025-07-30 19:05:00+00:00,85.92552
2025-07-30 19:10:00+00:00,85.92552
2025-07-30 19:15:00+00:00,86.9247
2025-07-30 19:20:00+00:00,87.92388
2025-07-30 19:25:00+00:00,87.92388
2025-07-30 19:30:00+00:00,88.92306
2025-07-30 19:35:00+00:00,88.92306
2025-07-30 19:40:00+00:00,87.92388
2025-07-30 19:45:00+00:00,85.92552
2025-07-30 19:50:00+00:00,84.92652
2025-07-30 19:55:00+00:00,84.92652
2025-07-30 20:00:00+00:00,83.92734
2025-07-30 20:05:00+00:00,82.92816
2025-07-30 20:10:00+00:00,82.92816
2025-07-30 20:15:00+00:00,83.92734
2025-07-30 20:20:00+00:00,84.92652
2025-07-30 20:25:00+00:00,88.92306
2025-07-30 20:30:00+00:00,94.91778
2025-07-30 20:35:00+00:00,102.91086
2025-07-30 20:40:00+00:00,108.90576
2025-07-30 20:45:00+00:00,112.90230000000001
2025-07-30 20:50:00+00:00,116.89883999999999
2025-07-30 20:55:00+00:00,115.89966
2025-07-30 21:00:00+00:00,110.90394
2025-07-30 21:05:00+00:00,104.90922
2025-07-30 21:10:00+00:00,97.91514
2025-07-30 21:15:00+00:00,91.92042000000001
2025-07-30 21:20:00+00:00,85.92552
2025-07-30 21:25:00+00:00,80.92998
2025-07-30 21:30:00+00:00,77.93244
2025-07-30 21:35:00+00:00,76.93343999999999
2025-07-30 21:40:00+00:00,74.93508
2025-07-30 21:45:00+00:00,73.9359
2025-07-30 21:50:00+00:00,76.93343999999999
2025-07-30 21:55:00+00:00,77.93244
2025-07-30 22:00:00+00:00,77.93244
2025-07-30 22:05:00+00:00,77.93244
2025-07-30 22:10:00+00:00,76.93343999999999
2025-07-30 22:15:00+00:00,74.93508
2025-07-30 22:20:00+00:00,73.9359
2025-07-30 22:25:00+00:00,76.93343999999999
2025-07-30 22:30:00+00:00,76.93343999999999
2025-07-30 22:35:00+00:00,76.93343999999999
2025-07-30 22:40:00+00:00,78.93162
2025-07-30 22:45:00+00:00,81.92898
2025-07-30 22:50:00+00:00,82.92816
2025-07-30 22:55:00+00:00,84.92652
2025-07-30 23:00:00+00:00,87.92388
2025-07-30 23:05:00+00:00,89.92205999999999
2025-07-30 23:10:00+00:00,90.92124
2025-07-30 23:15:00+00:00,89.92205999999999
2025-07-30 23:20:00+00:00,90.92124
2025-07-30 23:25:00+00:00,90.92124
2025-07-30 23:30:00+00:00,92.9196
2025-07-30 23:35:00+00:00,94.91778
2025-07-30 23:40:00+00:00,98.91432
2025-07-30 23:45:00+00:00,107.90658
2025-07-30 23:50:00+00:00,116.89883999999999
2025-07-30 23:55:00+00:00,123.89274
2025-07-31 00:00:00+00:00,128.88846
2025-07-31 00:05:00+00:00,131.88582
2025-07-31 00:10:00+00:00,130.88664
2025-07-31 00:15:00+00:00,126.8901
2025-07-31 00:20:00+00:00,123.89274
2025-07-31 00:25:00+00:00,120.89537999999999
2025-07-31 00:30:00+00:00,117.89784
2025-07-31 00:35:00+00:00,115.89966
2025-07-31 00:40:00+00:00,111.90312
2025-07-31 00:45:00+00:00,102.91086
2025-07-31 00:50:00+00:00,104.90922
2025-07-31 00:55:00+00:00,107.90658
2025-07-31 01:00:00+00:00,109.90476
2025-07-31 01:05:00+00:00,117.89784
2025-07-31 01:10:00+00:00,127.88928
2025-07-31 01:15:00+00:00,134.88317999999998
2025-07-31 01:20:00+00:00,134.88317999999998
2025-07-31 01:25:00+00:00,136.88154
2025-07-31 01:30:00+00:00,134.88317999999998
2025-07-31 01:35:00+00:00,128.88846
2025-07-31 01:40:00+00:00,122.89356000000001
2025-07-31 01:45:00+00:00,119.8962
2025-07-31 01:50:00+00:00,116.89883999999999
2025-07-31 01:55:00+00:00,110.90394
2025-07-31 02:00:00+00:00,104.90922
2025-07-31 02:05:00+00:00,100.91268
2025-07-31 02:10:00+00:00,97.91514
2025-07-31 02:15:00+00:00,94.91778
2025-07-31 02:20:00+00:00,94.91778
2025-07-31 02:25:00+00:00,94.91778
2025-07-31 02:30:00+00:00,96.91614
2025-07-31 02:35:00+00:00,98.91432
2025-07-31 02:40:00+00:00,98.91432
2025-07-31 02:45:00+00:00,97.91514
2025-07-31 02:50:00+00:00,96.91614
2025-07-31 02:55:00+00:00,95.91695999999999
2025-07-31 03:00:00+00:00,93.9186
2025-07-31 03:05:00+00:00,92.9196
2025-07-31 03:10:00+00:00,91.92042000000001
2025-07-31 03:15:00+00:00,89.92205999999999
2025-07-31 03:20:00+00:00,86.9247
2025-07-31 03:25:00+00:00,84.92652
2025-07-31 03:30:00+00:00,84.92652
2025-07-31 03:35:00+00:00,86.9247
2025-07-31 03:40:00+00:00,85.92552
2025-07-31 03:45:00+00:00,83.92734
2025-07-31 03:50:00+00:00,85.92552
2025-07-31 03:55:00+00:00,84.92652
2025-07-31 04:00:00+00:00,82.92816
2025-07-31 04:05:00+00:00,86.9247
2025-07-31 04:10:00+00:00,86.9247
2025-07-31 04:15:00+00:00,80.92998
2025-07-31 04:20:00+00:00,80.92998
2025-07-31 04:25:00+00:00,82.92816
2025-07-31 04:30:00+00:00,84.92652
2025-07-31 04:35:00+00:00,83.92734
2025-07-31 04:40:00+00:00,83.92734
2025-07-31 04:45:00+00:00,85.92552
2025-07-31 04:50:00+00:00,84.92652
2025-07-31 04:55:00+00:00,82.92816
2025-07-31 05:00:00+00:00,81.92898
2025-07-31 05:05:00+00:00,79.9308
2025-07-31 05:10:00+00:00,78.93162
2025-07-31 05:15:00+00:00,77.93244
2025-07-31 05:20:00+00:00,77.93244
2025-07-31 05:25:00+00:00,77.93244
2025-07-31 05:30:00+00:00,76.93343999999999
2025-07-31 05:35:00+00:00,75.93426
2025-07-31 05:40:00+00:00,76.93343999999999
2025-07-31 05:45:00+00:00,75.93426
2025-07-31 05:50:00+00:00,75.93426
2025-07-31 05:55:00+00:00,75.93426
2025-07-31 06:00:00+00:00,75.93426
2025-07-31 06:05:00+00:00,75.93426
2025-07-31 06:10:00+00:00,76.93343999999999
2025-07-31 06:15:00+00:00,77.93244
2025-07-31 06:20:00+00:00,78.93162
2025-07-31 06:25:00+00:00,78.93162
2025-07-31 06:30:00+00:00,78.93162
2025-07-31 06:35:00+00:00,79.9308
2025-07-31 06:40:00+00:00,78.93162
2025-07-31 06:45:00+00:00,77.93244
2025-07-31 06:50:00+00:00,76.93343999999999
2025-07-31 06:55:00+00:00,75.93426
2025-07-31 07:00:00+00:00,75.93426
2025-07-31 07:05:00+00:00,77.93244
2025-07-31 07:10:00+00:00,77.93244
2025-07-31 07:15:00+00:00,76.93343999999999
2025-07-31 07:20:00+00:00,77.93244
2025-07-31 07:25:00+00:00,76.93343999999999
2025-07-31 07:30:00+00:00,74.93508
2025-07-31 07:35:00+00:00,72.93690000000001
2025-07-31 07:40:00+00:00,72.93690000000001
2025-07-31 07:45:00+00:00,70.93854
2025-07-31 07:50:00+00:00,66.942
2025-07-31 07:55:00+00:00,65.94282
2025-07-31 08:00:00+00:00,65.94282
2025-07-31 08:05:00+00:00,63.94464
2025-07-31 08:10:00+00:00,62.945460000000004
2025-07-31 08:15:00+00:00,62.945460000000004
2025-07-31 08:20:00+00:00,63.94464
2025-07-31 08:25:00+00:00,64.94382
2025-07-31 08:30:00+00:00,67.94118
2025-07-31 08:35:00+00:00,69.93936000000001
2025-07-31 08:40:00+00:00,71.93772
2025-07-31 08:45:00+00:00,75.93426
2025-07-31 08:50:00+00:00,77.93244
2025-07-31 08:55:00+00:00,76.93343999999999
2025-07-31 09:00:00+00:00,76.93343999999999
2025-07-31 09:05:00+00:00,75.93426
2025-07-31 09:10:00+00:00,73.9359
2025-07-31 09:15:00+00:00,72.93690000000001
2025-07-31 09:20:00+00:00,71.93772
2025-07-31 09:25:00+00:00,70.93854
2025-07-31 09:30:00+00:00,69.93936000000001
2025-07-31 09:35:00+00:00,71.93772
2025-07-31 09:40:00+00:00,70.93854
2025-07-31 09:45:00+00:00,69.93936000000001
2025-07-31 09:50:00+00:00,69.93936000000001
2025-07-31 09:55:00+00:00,68.94036
2025-07-31 10:00:00+00:00,68.94036
2025-07-31 10:05:00+00:00,67.94118
2025-07-31 10:10:00+00:00,67.94118
2025-07-31 10:15:00+00:00,67.94118
2025-07-31 10:20:00+00:00,67.94118
2025-07-31 10:25:00+00:00,68.94036
2025-07-31 10:30:00+00:00,68.94036
2025-07-31 10:35:00+00:00,70.93854
2025-07-31 10:40:00+00:00,70.93854
2025-07-31 10:45:00+00:00,70.93854
2025-07-31 10:50:00+00:00,70.93854
2025-07-31 10:55:00+00:00,72.93690000000001
2025-07-31 11:00:00+00:00,73.9359
2025-07-31 11:05:00+00:00,73.9359
2025-07-31 11:10:00+00:00,76.93343999999999
2025-07-31 11:15:00+00:00,77.93244
2025-07-31 11:20:00+00:00,78.93162
2025-07-31 11:25:00+00:00,82.92816
2025-07-31 11:30:00+00:00,82.92816
2025-07-31 11:35:00+00:00,82.92816
2025-07-31 11:40:00+00:00,81.92898
2025-07-31 11:45:00+00:00,79.9308
2025-07-31 11:50:00+00:00,77.93244
2025-07-31 11:55:00+00:00,73.9359
2025-07-31 12:00:00+00:00,73.9359
2025-07-31 12:05:00+00:00,72.93690000000001
2025-07-31 12:10:00+00:00,74.93508
2025-07-31 12:15:00+00:00,78.93162
2025-07-31 12:20:00+00:00,79.9308
2025-07-31 12:25:00+00:00,82.92816
2025-07-31 12:30:00+00:00,83.92734
2025-07-31 12:35:00+00:00,82.92816
2025-07-31 12:40:00+00:00,82.92816
2025-07-31 12:45:00+00:00,83.92734
2025-07-31 12:50:00+00:00,83.92734
2025-07-31 12:55:00+00:00,81.92898
2025-07-31 13:00:00+00:00,82.92816
2025-07-31 13:05:00+00:00,81.92898
2025-07-31 13:10:00+00:00,76.93343999999999
2025-07-31 13:15:00+00:00,76.93343999999999
2025-07-31 13:20:00+00:00,76.93343999999999
2025-07-31 13:25:00+00:00,79.9308
2025-07-31 13:30:00+00:00,83.92734
2025-07-31 13:35:00+00:00,84.92652
2025-07-31 13:40:00+00:00,86.9247
2025-07-31 13:45:00+00:00,85.92552
2025-07-31 13:50:00+00:00,83.92734
2025-07-31 13:55:00+00:00,86.9247
2025-07-31 14:00:00+00:00,90.92124
2025-07-31 14:05:00+00:00,92.9196
2025-07-31 14:10:00+00:00,94.91778
2025-07-31 14:15:00+00:00,96.91614
2025-07-31 14:20:00+00:00,97.91514
2025-07-31 14:25:00+00:00,96.91614
2025-07-31 14:30:00+00:00,93.9186
2025-07-31 14:35:00+00:00,91.92042000000001
2025-07-31 14:40:00+00:00,89.92205999999999
2025-07-31 14:45:00+00:00,88.92306
2025-07-31 14:50:00+00:00,87.92388
2025-07-31 14:55:00+00:00,87.92388
2025-07-31 15:00:00+00:00,90.92124
2025-07-31 15:05:00+00:00,92.9196
2025-07-31 15:10:00+00:00,91.92042000000001
2025-07-31 15:15:00+00:00,92.9196
2025-07-31 15:20:00+00:00,90.92124
2025-07-31 15:25:00+00:00,84.92652
2025-07-31 15:30:00+00:00,81.92898
2025-07-31 15:35:00+00:00,80.92998
2025-07-31 15:40:00+00:00,77.93244
2025-07-31 15:45:00+00:00,75.93426
2025-07-31 15:50:00+00:00,76.93343999999999
2025-07-31 15:55:00+00:00,76.93343999999999
2025-07-31 16:00:00+00:00,76.93343999999999
2025-07-31 16:05:00+00:00,76.93343999999999
2025-07-31 16:10:00+00:00,77.93244
2025-07-31 16:15:00+00:00,76.93343999999999
2025-07-31 16:20:00+00:00,76.93343999999999
2025-07-31 16:25:00+00:00,74.93508
2025-07-31 16:30:00+00:00,71.93772
2025-07-31 16:35:00+00:00,71.93772
2025-07-31 16:40:00+00:00,77.93244
2025-07-31 16:45:00+00:00,73.9359
2025-07-31 16:50:00+00:00,76.93343999999999
2025-07-31 16:55:00+00:00,88.92306
2025-07-31 17:00:00+00:00,82.92816
2025-07-31 17:05:00+00:00,81.92898
2025-07-31 17:10:00+00:00,87.92388
2025-07-31 17:15:00+00:00,85.92552
2025-07-31 17:20:00+00:00,82.92816
2025-07-31 17:25:00+00:00,84.92652
2025-07-31 17:30:00+00:00,89.92205999999999
2025-07-31 17:35:00+00:00,91.92042000000001
2025-07-31 17:40:00+00:00,90.92124
2025-07-31 17:45:00+00:00,91.92042000000001
2025-07-31 17:50:00+00:00,92.9196
2025-07-31 17:55:00+00:00,90.92124
2025-07-31 18:00:00+00:00,89.92205999999999
2025-07-31 18:05:00+00:00,89.92205999999999
2025-07-31 18:10:00+00:00,88.92306
2025-07-31 18:15:00+00:00,88.92306
2025-07-31 18:20:00+00:00,88.92306
2025-07-31 18:25:00+00:00,87.92388
2025-07-31 18:30:00+00:00,88.92306
2025-07-31 18:35:00+00:00,87.92388
2025-07-31 18:40:00+00:00,87.92388
2025-07-31 18:45:00+00:00,88.92306
2025-07-31 18:50:00+00:00,86.9247
2025-07-31 18:55:00+00:00,87.92388
2025-07-31 19:00:00+00:00,89.92205999999999
2025-07-31 19:05:00+00:00,88.92306
2025-07-31 19:10:00+00:00,89.92205999999999
2025-07-31 19:15:00+00:00,91.92042000000001
2025-07-31 19:20:00+00:00,93.9186
2025-07-31 19:25:00+00:00,94.91778
2025-07-31 19:30:00+00:00,96.91614
2025-07-31 19:35:00+00:00,96.91614
2025-07-31 19:40:00+00:00,92.9196
2025-07-31 19:45:00+00:00,90.92124
2025-07-31 19:50:00+00:00,86.9247
2025-07-31 19:55:00+00:00,82.92816
2025-07-31 20:00:00+00:00,81.92898
2025-07-31 20:05:00+00:00,79.9308
2025-07-31 20:10:00+00:00,77.93244
2025-07-31 20:15:00+00:00,78.93162
2025-07-31 20:20:00+00:00,78.93162
2025-07-31 20:25:00+00:00,80.92998
2025-07-31 20:30:00+00:00,84.92652
2025-07-31 20:35:00+00:00,85.92552
2025-07-31 20:40:00+00:00,88.92306
2025-07-31 20:45:00+00:00,91.92042000000001
2025-07-31 20:50:00+00:00,90.92124
2025-07-31 20:55:00+00:00,87.92388
2025-07-31 21:00:00+00:00,86.9247
2025-07-31 21:05:00+00:00,86.9247
2025-07-31 21:10:00+00:00,84.92652
2025-07-31 21:15:00+00:00,81.92898
2025-07-31 21:20:00+00:00,80.92998
2025-07-31 21:25:00+00:00,79.9308
2025-07-31 21:30:00+00:00,75.93426
2025-07-31 21:35:00+00:00,73.9359
2025-07-31 21:40:00+00:00,72.93690000000001
2025-07-31 21:45:00+00:00,72.93690000000001
2025-07-31 21:50:00+00:00,71.93772
2025-07-31 21:55:00+00:00,72.93690000000001
2025-07-31 22:00:00+00:00,73.9359
2025-07-31 22:05:00+00:00,74.93508
2025-07-31 22:10:00+00:00,75.93426
2025-07-31 22:15:00+00:00,76.93343999999999
2025-07-31 22:20:00+00:00,77.93244
2025-07-31 22:25:00+00:00,79.9308
2025-07-31 22:30:00+00:00,84.92652
2025-07-31 22:35:00+00:00,88.92306
2025-07-31 22:40:00+00:00,96.91614
2025-07-31 22:45:00+00:00,107.90658
2025-07-31 22:50:00+00:00,115.89966
2025-07-31 22:55:00+00:00,123.89274
2025-07-31 23:00:00+00:00,129.88746
2025-07-31 23:05:00+00:00,133.884
2025-07-31 23:10:00+00:00,134.88317999999998
2025-07-31 23:15:00+00:00,131.88582
2025-07-31 23:20:00+00:00,131.88582
2025-07-31 23:25:00+00:00,125.89092000000001
2025-07-31 23:30:00+00:00,118.89702
2025-07-31 23:35:00+00:00,110.90394
2025-07-31 23:40:00+00:00,100.91268
2025-07-31 23:45:00+00:00,93.9186
2025-07-31 23:50:00+00:00,86.9247
2025-07-31 23:55:00+00:00,81.92898
2025-08-01 00:00:00+00:00,83.92734
2025-08-01 00:05:00+00:00,89.92205999999999
2025-08-01 00:10:00+00:00,94.91778
2025-08-01 00:15:00+00:00,103.91004
2025-08-01 00:20:00+00:00,106.90740000000001
2025-08-01 00:25:00+00:00,103.91004
2025-08-01 00:30:00+00:00,101.91168
2025-08-01 00:35:00+00:00,102.91086
2025-08-01 00:40:00+00:00,103.91004
2025-08-01 00:45:00+00:00,103.91004
2025-08-01 00:50:00+00:00,102.91086
2025-08-01 00:55:00+00:00,101.91168
2025-08-01 01:00:00+00:00,101.91168
2025-08-01 01:05:00+00:00,98.91432
2025-08-01 01:10:00+00:00,96.91614
2025-08-01 01:15:00+00:00,94.91778
2025-08-01 01:20:00+00:00,92.9196
2025-08-01 01:25:00+00:00,90.92124
2025-08-01 01:30:00+00:00,88.92306
2025-08-01 01:35:00+00:00,87.92388
2025-08-01 01:40:00+00:00,85.92552
2025-08-01 01:45:00+00:00,84.92652
2025-08-01 01:50:00+00:00,83.92734
2025-08-01 01:55:00+00:00,82.92816
2025-08-01 02:00:00+00:00,83.92734
2025-08-01 02:05:00+00:00,82.92816
2025-08-01 02:10:00+00:00,81.92898
2025-08-01 02:15:00+00:00,81.92898
2025-08-01 02:20:00+00:00,82.92816
2025-08-01 02:25:00+00:00,83.92734
2025-08-01 02:30:00+00:00,88.92306
2025-08-01 02:35:00+00:00,92.9196
2025-08-01 02:40:00+00:00,95.91695999999999
2025-08-01 02:45:00+00:00,97.91514
2025-08-01 02:50:00+00:00,96.91614
2025-08-01 02:55:00+00:00,95.91695999999999
2025-08-01 03:00:00+00:00,95.91695999999999
2025-08-01 03:05:00+00:00,93.9186
2025-08-01 03:10:00+00:00,92.9196
2025-08-01 03:15:00+00:00,91.92042000000001
2025-08-01 03:20:00+00:00,90.92124
2025-08-01 03:25:00+00:00,89.92205999999999
2025-08-01 03:30:00+00:00,87.92388
2025-08-01 03:35:00+00:00,86.9247
2025-08-01 03:40:00+00:00,86.9247
2025-08-01 03:45:00+00:00,85.92552
2025-08-01 03:50:00+00:00,85.92552
2025-08-01 03:55:00+00:00,84.92652
2025-08-01 04:00:00+00:00,82.92816
2025-08-01 04:05:00+00:00,80.92998
2025-08-01 04:10:00+00:00,78.93162
2025-08-01 04:15:00+00:00,73.9359
2025-08-01 04:20:00+00:00,71.93772
2025-08-01 04:25:00+00:00,70.93854
2025-08-01 04:30:00+00:00,68.94036
2025-08-01 04:35:00+00:00,67.94118
2025-08-01 04:40:00+00:00,66.942
2025-08-01 04:45:00+00:00,65.94282
2025-08-01 04:50:00+00:00,64.94382
2025-08-01 04:55:00+00:00,65.94282
2025-08-01 05:00:00+00:00,62.945460000000004
2025-08-01 05:05:00+00:00,61.94628
2025-08-01 05:10:00+00:00,60.94728
2025-08-01 05:15:00+00:00,59.9481
2025-08-01 05:20:00+00:00,59.9481
2025-08-01 05:25:00+00:00,58.94892
2025-08-01 05:30:00+00:00,59.9481
2025-08-01 05:35:00+00:00,59.9481
2025-08-01 05:40:00+00:00,62.945460000000004
2025-08-01 05:45:00+00:00,64.94382
2025-08-01 05:50:00+00:00,65.94282
2025-08-01 05:55:00+00:00,72.93690000000001
2025-08-01 06:00:00+00:00,74.93508
2025-08-01 06:05:00+00:00,72.93690000000001
2025-08-01 06:10:00+00:00,72.93690000000001
2025-08-01 06:15:00+00:00,73.9359
2025-08-01 06:20:00+00:00,73.9359
2025-08-01 06:25:00+00:00,71.93772
2025-08-01 06:30:00+00:00,69.93936000000001
2025-08-01 06:35:00+00:00,70.93854
2025-08-01 06:40:00+00:00,68.94036
2025-08-01 06:45:00+00:00,68.94036
2025-08-01 06:50:00+00:00,68.94036
2025-08-01 06:55:00+00:00,67.94118
2025-08-01 07:00:00+00:00,69.93936000000001
2025-08-01 07:05:00+00:00,69.93936000000001
2025-08-01 07:10:00+00:00,69.93936000000001
2025-08-01 07:15:00+00:00,69.93936000000001
2025-08-01 07:20:00+00:00,69.93936000000001
2025-08-01 07:25:00+00:00,69.93936000000001
2025-08-01 07:30:00+00:00,68.94036
2025-08-01 07:35:00+00:00,67.94118
2025-08-01 07:40:00+00:00,67.94118
2025-08-01 07:45:00+00:00,67.94118
2025-08-01 07:50:00+00:00,66.942
2025-08-01 07:55:00+00:00,67.94118
2025-08-01 08:00:00+00:00,67.94118
2025-08-01 08:05:00+00:00,67.94118
2025-08-01 08:10:00+00:00,69.93936000000001
2025-08-01 08:15:00+00:00,69.93936000000001
2025-08-01 08:20:00+00:00,68.94036
2025-08-01 08:25:00+00:00,70.93854
2025-08-01 08:30:00+00:00,69.93936000000001
2025-08-01 08:35:00+00:00,67.94118
2025-08-01 08:40:00+00:00,67.94118
2025-08-01 08:45:00+00:00,67.94118
2025-08-01 08:50:00+00:00,67.94118
2025-08-01 08:55:00+00:00,67.94118
2025-08-01 09:00:00+00:00,67.94118
2025-08-01 09:05:00+00:00,67.94118
2025-08-01 09:10:00+00:00,67.94118
2025-08-01 09:15:00+00:00,67.94118
2025-08-01 09:20:00+00:00,67.94118
2025-08-01 09:25:00+00:00,67.94118
2025-08-01 09:30:00+00:00,68.94036
2025-08-01 09:35:00+00:00,69.93936000000001
2025-08-01 09:40:00+00:00,69.93936000000001
2025-08-01 09:45:00+00:00,69.93936000000001
2025-08-01 09:50:00+00:00,69.93936000000001
2025-08-01 09:55:00+00:00,67.94118
2025-08-01 10:00:00+00:00,67.94118
2025-08-01 10:05:00+00:00,66.942
2025-08-01 10:10:00+00:00,67.94118
2025-08-01 10:15:00+00:00,67.94118
2025-08-01 10:20:00+00:00,67.94118
2025-08-01 10:25:00+00:00,68.94036
2025-08-01 10:30:00+00:00,68.94036
2025-08-01 10:35:00+00:00,68.94036
2025-08-01 10:40:00+00:00,68.94036
2025-08-01 10:45:00+00:00,68.94036
2025-08-01 10:50:00+00:00,71.93772
2025-08-01 10:55:00+00:00,71.93772
2025-08-01 11:00:00+00:00,71.93772
2025-08-01 11:05:00+00:00,79.9308
2025-08-01 11:10:00+00:00,77.93244
2025-08-01 11:15:00+00:00,78.93162
2025-08-01 11:20:00+00:00,84.92652
2025-08-01 11:25:00+00:00,82.92816
2025-08-01 11:30:00+00:00,82.92816
2025-08-01 11:35:00+00:00,81.92898
2025-08-01 11:40:00+00:00,76.93343999999999
2025-08-01 11:45:00+00:00,75.93426
2025-08-01 11:50:00+00:00,74.93508
2025-08-01 11:55:00+00:00,73.9359
2025-08-01 12:00:00+00:00,73.9359
2025-08-01 12:05:00+00:00,74.93508
2025-08-01 12:10:00+00:00,76.93343999999999
2025-08-01 12:15:00+00:00,74.93508
2025-08-01 12:20:00+00:00,74.93508
2025-08-01 12:25:00+00:00,76.93343999999999
2025-08-01 12:30:00+00:00,78.93162
2025-08-01 12:35:00+00:00,79.9308
2025-08-01 12:40:00+00:00,78.93162
2025-08-01 12:45:00+00:00,78.93162
2025-08-01 12:50:00+00:00,79.9308
2025-08-01 12:55:00+00:00,79.9308
2025-08-01 13:00:00+00:00,75.93426
2025-08-01 13:05:00+00:00,75.93426
2025-08-01 13:10:00+00:00,78.93162
2025-08-01 13:15:00+00:00,77.93244
2025-08-01 13:20:00+00:00,79.9308
2025-08-01 13:25:00+00:00,81.92898
2025-08-01 13:30:00+00:00,82.92816
2025-08-01 13:35:00+00:00,85.92552
2025-08-01 13:40:00+00:00,84.92652
2025-08-01 13:45:00+00:00,83.92734
2025-08-01 13:50:00+00:00,80.92998
2025-08-01 13:55:00+00:00,78.93162
2025-08-01 14:00:00+00:00,78.93162
2025-08-01 14:05:00+00:00,79.9308
2025-08-01 14:10:00+00:00,81.92898
2025-08-01 14:15:00+00:00,83.92734
2025-08-01 14:20:00+00:00,83.92734
2025-08-01 14:25:00+00:00,84.92652
2025-08-01 14:30:00+00:00,83.92734
2025-08-01 14:35:00+00:00,81.92898
2025-08-01 14:40:00+00:00,80.92998
2025-08-01 14:45:00+00:00,80.92998
2025-08-01 14:50:00+00:00,79.9308
2025-08-01 14:55:00+00:00,79.9308
2025-08-01 15:00:00+00:00,80.92998
2025-08-01 15:05:00+00:00,79.9308
2025-08-01 15:10:00+00:00,78.93162
2025-08-01 15:15:00+00:00,78.93162
2025-08-01 15:20:00+00:00,77.93244
2025-08-01 15:25:00+00:00,77.93244
2025-08-01 15:30:00+00:00,77.93244
2025-08-01 15:35:00+00:00,76.93343999999999
2025-08-01 15:40:00+00:00,75.93426
2025-08-01 15:45:00+00:00,75.93426
2025-08-01 15:50:00+00:00,76.93343999999999
2025-08-01 15:55:00+00:00,76.93343999999999
2025-08-01 16:00:00+00:00,76.93343999999999
2025-08-01 16:05:00+00:00,79.9308
2025-08-01 16:10:00+00:00,81.92898
2025-08-01 16:15:00+00:00,83.92734
2025-08-01 16:20:00+00:00,88.92306
2025-08-01 16:25:00+00:00,91.92042000000001
2025-08-01 16:30:00+00:00,97.91514
2025-08-01 16:35:00+00:00,102.91086
2025-08-01 16:40:00+00:00,104.90922
2025-08-01 16:45:00+00:00,103.91004
2025-08-01 16:50:00+00:00,101.91168
2025-08-01 16:55:00+00:00,100.91268
2025-08-01 17:00:00+00:00,94.91778
2025-08-01 17:05:00+00:00,91.92042000000001
2025-08-01 17:10:00+00:00,87.92388
2025-08-01 17:15:00+00:00,82.92816
2025-08-01 17:20:00+00:00,78.93162
2025-08-01 17:25:00+00:00,75.93426
2025-08-01 17:30:00+00:00,73.9359
2025-08-01 17:35:00+00:00,70.93854
2025-08-01 17:40:00+00:00,69.93936000000001
2025-08-01 17:45:00+00:00,69.93936000000001
2025-08-01 17:50:00+00:00,71.93772
2025-08-01 17:55:00+00:00,71.93772
2025-08-01 18:00:00+00:00,72.93690000000001
2025-08-01 18:05:00+00:00,75.93426
2025-08-01 18:10:00+00:00,76.93343999999999
2025-08-01 18:15:00+00:00,78.93162
2025-08-01 18:20:00+00:00,80.92998
2025-08-01 18:25:00+00:00,83.92734
2025-08-01 18:30:00+00:00,84.92652
2025-08-01 18:35:00+00:00,83.92734
2025-08-01 18:40:00+00:00,86.9247
2025-08-01 18:45:00+00:00,90.92124
2025-08-01 18:50:00+00:00,91.92042000000001
2025-08-01 18:55:00+00:00,95.91695999999999
2025-08-01 19:00:00+00:00,98.91432
2025-08-01 19:05:00+00:00,101.91168
2025-08-01 19:10:00+00:00,102.91086
2025-08-01 19:15:00+00:00,100.91268
2025-08-01 19:20:00+00:00,99.9135
2025-08-01 19:25:00+00:00,96.91614
2025-08-01 19:30:00+00:00,94.91778
2025-08-01 19:35:00+00:00,93.9186
2025-08-01 19:40:00+00:00,93.9186
2025-08-01 19:45:00+00:00,93.9186
2025-08-01 19:50:00+00:00,92.9196
2025-08-01 19:55:00+00:00,92.9196
2025-08-01 20:00:00+00:00,91.92042000000001
2025-08-01 20:05:00+00:00,89.92205999999999
2025-08-01 20:10:00+00:00,87.92388
2025-08-01 20:15:00+00:00,85.92552
2025-08-01 20:20:00+00:00,85.92552
2025-08-01 20:25:00+00:00,83.92734
2025-08-01 20:30:00+00:00,82.92816
2025-08-01 20:35:00+00:00,82.92816
2025-08-01 20:40:00+00:00,82.92816
2025-08-01 20:45:00+00:00,82.92816
2025-08-01 20:50:00+00:00,82.92816
2025-08-01 20:55:00+00:00,82.92816
2025-08-01 21:00:00+00:00,83.92734
2025-08-01 21:05:00+00:00,83.92734
2025-08-01 21:10:00+00:00,83.92734
2025-08-01 21:15:00+00:00,85.92552
2025-08-01 21:20:00+00:00,85.92552
2025-08-01 21:25:00+00:00,85.92552
2025-08-01 21:30:00+00:00,83.92734
2025-08-01 21:35:00+00:00,82.92816
2025-08-01 21:40:00+00:00,80.92998
2025-08-01 21:45:00+00:00,79.9308
2025-08-01 21:50:00+00:00,78.93162
2025-08-01 21:55:00+00:00,77.93244
2025-08-01 22:00:00+00:00,74.93508
2025-08-01 22:05:00+00:00,76.93343999999999
2025-08-01 22:10:00+00:00,76.93343999999999
2025-08-01 22:15:00+00:00,76.93343999999999
2025-08-01 22:20:00+00:00,78.93162
2025-08-01 22:25:00+00:00,82.92816
2025-08-01 22:30:00+00:00,84.92652
2025-08-01 22:35:00+00:00,88.92306
2025-08-01 22:40:00+00:00,94.91778
2025-08-01 22:45:00+00:00,97.91514
2025-08-01 22:50:00+00:00,98.91432
2025-08-01 22:55:00+00:00,97.91514
2025-08-01 23:00:00+00:00,98.91432
2025-08-01 23:05:00+00:00,93.9186
2025-08-01 23:10:00+00:00,88.92306
2025-08-01 23:15:00+00:00,88.92306
2025-08-01 23:20:00+00:00,88.92306
2025-08-01 23:25:00+00:00,89.92205999999999
2025-08-01 23:30:00+00:00,95.91695999999999
2025-08-01 23:35:00+00:00,101.91168
2025-08-01 23:40:00+00:00,108.90576
2025-08-01 23:45:00+00:00,117.89784
2025-08-01 23:50:00+00:00,127.88928
2025-08-01 23:55:00+00:00,134.88317999999998
2025-08-02 00:00:00+00:00,136.88154
2025-08-02 00:05:00+00:00,136.88154
2025-08-02 00:10:00+00:00,135.88236
2025-08-02 00:15:00+00:00,134.88317999999998
2025-08-02 00:20:00+00:00,135.88236
2025-08-02 00:25:00+00:00,130.88664
2025-08-02 00:30:00+00:00,123.89274
2025-08-02 00:35:00+00:00,119.8962
2025-08-02 00:40:00+00:00,114.90047999999999
2025-08-02 00:45:00+00:00,105.90822
2025-08-02 00:50:00+00:00,102.91086
2025-08-02 00:55:00+00:00,103.91004
2025-08-02 01:00:00+00:00,102.91086
2025-08-02 01:05:00+00:00,103.91004
2025-08-02 01:10:00+00:00,107.90658
2025-08-02 01:15:00+00:00,107.90658
2025-08-02 01:20:00+00:00,103.91004
2025-08-02 01:25:00+00:00,98.91432
2025-08-02 01:30:00+00:00,92.9196
2025-08-02 01:35:00+00:00,84.92652
2025-08-02 01:40:00+00:00,77.93244
2025-08-02 01:45:00+00:00,75.93426
2025-08-02 01:50:00+00:00,80.92998
2025-08-02 01:55:00+00:00,82.92816
2025-08-02 02:00:00+00:00,81.92898
2025-08-02 02:05:00+00:00,95.91695999999999
2025-08-02 02:10:00+00:00,95.91695999999999
2025-08-02 02:15:00+00:00,93.9186
2025-08-02 02:20:00+00:00,101.91168
2025-08-02 02:25:00+00:00,94.91778
2025-08-02 02:30:00+00:00,90.92124
2025-08-02 02:35:00+00:00,90.92124
2025-08-02 02:40:00+00:00,91.92042000000001
2025-08-02 02:45:00+00:00,93.9186
2025-08-02 02:50:00+00:00,90.92124
2025-08-02 02:55:00+00:00,90.92124
2025-08-02 03:00:00+00:00,93.9186
2025-08-02 03:05:00+00:00,94.91778
2025-08-02 03:10:00+00:00,91.92042000000001
2025-08-02 03:15:00+00:00,91.92042000000001
2025-08-02 03:20:00+00:00,94.91778
2025-08-02 03:25:00+00:00,92.9196
2025-08-02 03:30:00+00:00,92.9196
2025-08-02 03:35:00+00:00,90.92124
2025-08-02 03:40:00+00:00,90.92124
2025-08-02 03:45:00+00:00,91.92042000000001
2025-08-02 03:50:00+00:00,89.92205999999999
2025-08-02 03:55:00+00:00,88.92306
2025-08-02 04:00:00+00:00,89.92205999999999
2025-08-02 04:05:00+00:00,89.92205999999999
2025-08-02 04:10:00+00:00,90.92124
2025-08-02 04:15:00+00:00,90.92124
2025-08-02 04:20:00+00:00,89.92205999999999
2025-08-02 04:25:00+00:00,89.92205999999999
2025-08-02 04:30:00+00:00,88.92306
2025-08-02 04:35:00+00:00,86.9247
2025-08-02 04:40:00+00:00,84.92652
2025-08-02 04:45:00+00:00,84.92652
2025-08-02 04:50:00+00:00,83.92734
2025-08-02 04:55:00+00:00,82.92816
2025-08-02 05:00:00+00:00,84.92652
2025-08-02 05:05:00+00:00,81.92898
2025-08-02 05:10:00+00:00,78.93162
2025-08-02 05:15:00+00:00,77.93244
2025-08-02 05:20:00+00:00,75.93426
2025-08-02 05:25:00+00:00,76.93343999999999
2025-08-02 05:30:00+00:00,74.93508
2025-08-02 05:35:00+00:00,74.93508
2025-08-02 05:40:00+00:00,76.93343999999999
2025-08-02 05:45:00+00:00,76.93343999999999
2025-08-02 05:50:00+00:00,75.93426
2025-08-02 05:55:00+00:00,76.93343999999999
2025-08-02 06:00:00+00:00,76.93343999999999
2025-08-02 06:05:00+00:00,75.93426
2025-08-02 06:10:00+00:00,75.93426
2025-08-02 06:15:00+00:00,75.93426
2025-08-02 06:20:00+00:00,75.93426
2025-08-02 06:25:00+00:00,75.93426
2025-08-02 06:30:00+00:00,75.93426
2025-08-02 06:35:00+00:00,75.93426
2025-08-02 06:40:00+00:00,75.93426
2025-08-02 06:45:00+00:00,75.93426
2025-08-02 06:50:00+00:00,75.93426
2025-08-02 06:55:00+00:00,76.93343999999999
2025-08-02 07:00:00+00:00,76.93343999999999
2025-08-02 07:05:00+00:00,77.93244
2025-08-02 07:10:00+00:00,79.9308
2025-08-02 07:15:00+00:00,79.9308
2025-08-02 07:20:00+00:00,79.9308
2025-08-02 07:25:00+00:00,77.93244
2025-08-02 07:30:00+00:00,75.93426
2025-08-02 07:35:00+00:00,74.93508
2025-08-02 07:40:00+00:00,74.93508
2025-08-02 07:45:00+00:00,73.9359
2025-08-02 07:50:00+00:00,72.93690000000001
2025-08-02 07:55:00+00:00,72.93690000000001
2025-08-02 08:00:00+00:00,72.93690000000001
2025-08-02 08:05:00+00:00,73.9359
2025-08-02 08:10:00+00:00,75.93426
2025-08-02 08:15:00+00:00,74.93508
2025-08-02 08:20:00+00:00,74.93508
2025-08-02 08:25:00+00:00,75.93426
2025-08-02 08:30:00+00:00,74.93508
2025-08-02 08:35:00+00:00,73.9359
2025-08-02 08:40:00+00:00,74.93508
2025-08-02 08:45:00+00:00,74.93508
2025-08-02 08:50:00+00:00,75.93426
2025-08-02 08:55:00+00:00,76.93343999999999
2025-08-02 09:00:00+00:00,76.93343999999999
2025-08-02 09:05:00+00:00,76.93343999999999
2025-08-02 09:10:00+00:00,76.93343999999999
2025-08-02 09:15:00+00:00,76.93343999999999
2025-08-02 09:20:00+00:00,76.93343999999999
2025-08-02 09:25:00+00:00,75.93426
2025-08-02 09:30:00+00:00,76.93343999999999
2025-08-02 09:35:00+00:00,77.93244
2025-08-02 09:40:00+00:00,76.93343999999999
2025-08-02 09:45:00+00:00,75.93426
2025-08-02 09:50:00+00:00,77.93244
2025-08-02 09:55:00+00:00,75.93426
2025-08-02 10:00:00+00:00,73.9359
2025-08-02 10:05:00+00:00,74.93508
2025-08-02 10:10:00+00:00,72.93690000000001
2025-08-02 10:15:00+00:00,70.93854
2025-08-02 10:20:00+00:00,72.93690000000001
2025-08-02 10:25:00+00:00,73.9359
2025-08-02 10:30:00+00:00,72.93690000000001
2025-08-02 10:35:00+00:00,71.93772
2025-08-02 10:40:00+00:00,71.93772
2025-08-02 10:45:00+00:00,71.93772
2025-08-02 10:50:00+00:00,71.93772
2025-08-02 10:55:00+00:00,70.93854
2025-08-02 11:00:00+00:00,70.93854
2025-08-02 11:05:00+00:00,71.93772
2025-08-02 11:10:00+00:00,73.9359
2025-08-02 11:15:00+00:00,74.93508
2025-08-02 11:20:00+00:00,75.93426
2025-08-02 11:25:00+00:00,79.9308
2025-08-02 11:30:00+00:00,81.92898
2025-08-02 11:35:00+00:00,79.9308
2025-08-02 11:40:00+00:00,82.92816
2025-08-02 11:45:00+00:00,85.92552
2025-08-02 11:50:00+00:00,83.92734
2025-08-02 11:55:00+00:00,83.92734
2025-08-02 12:00:00+00:00,86.9247
2025-08-02 12:05:00+00:00,86.9247
2025-08-02 12:10:00+00:00,87.92388
2025-08-02 12:15:00+00:00,88.92306
2025-08-02 12:20:00+00:00,87.92388
2025-08-02 12:25:00+00:00,89.92205999999999
2025-08-02 12:30:00+00:00,85.92552
2025-08-02 12:35:00+00:00,84.92652
2025-08-02 12:40:00+00:00,86.9247
2025-08-02 12:45:00+00:00,82.92816
2025-08-02 12:50:00+00:00,81.92898
2025-08-02 12:55:00+00:00,89.92205999999999
2025-08-02 13:00:00+00:00,90.92124
2025-08-02 13:05:00+00:00,85.92552
2025-08-02 13:10:00+00:00,86.9247
2025-08-02 13:15:00+00:00,83.92734
2025-08-02 13:20:00+00:00,79.9308
2025-08-02 13:25:00+00:00,79.9308
2025-08-02 13:30:00+00:00,79.9308
2025-08-02 13:35:00+00:00,79.9308
2025-08-02 13:40:00+00:00,78.93162
2025-08-02 13:45:00+00:00,79.9308
2025-08-02 13:50:00+00:00,81.92898
2025-08-02 13:55:00+00:00,80.92998
2025-08-02 14:00:00+00:00,78.93162
2025-08-02 14:05:00+00:00,79.9308
2025-08-02 14:10:00+00:00,80.92998
2025-08-02 14:15:00+00:00,80.92998
2025-08-02 14:20:00+00:00,79.9308
2025-08-02 14:25:00+00:00,79.9308
2025-08-02 14:30:00+00:00,77.93244
2025-08-02 14:35:00+00:00,72.93690000000001
2025-08-02 14:40:00+00:00,69.93936000000001
2025-08-02 14:45:00+00:00,70.93854
2025-08-02 14:50:00+00:00,73.9359
2025-08-02 14:55:00+00:00,76.93343999999999
2025-08-02 15:00:00+00:00,78.93162
2025-08-02 15:05:00+00:00,81.92898
2025-08-02 15:10:00+00:00,83.92734
2025-08-02 15:15:00+00:00,83.92734
2025-08-02 15:20:00+00:00,83.92734
2025-08-02 15:25:00+00:00,83.92734
2025-08-02 15:30:00+00:00,82.92816
2025-08-02 15:35:00+00:00,82.92816
2025-08-02 15:40:00+00:00,82.92816
2025-08-02 15:45:00+00:00,82.92816
2025-08-02 15:50:00+00:00,84.92652
2025-08-02 15:55:00+00:00,83.92734
2025-08-02 16:00:00+00:00,84.92652
2025-08-02 16:05:00+00:00,86.9247
2025-08-02 16:10:00+00:00,88.92306
2025-08-02 16:15:00+00:00,89.92205999999999
2025-08-02 16:20:00+00:00,92.9196
2025-08-02 16:25:00+00:00,97.91514
2025-08-02 16:30:00+00:00,100.91268
2025-08-02 16:35:00+00:00,103.91004
2025-08-02 16:40:00+00:00,103.91004
2025-08-02 16:45:00+00:00,103.91004
2025-08-02 16:50:00+00:00,107.90658
2025-08-02 16:55:00+00:00,109.90476
2025-08-02 17:00:00+00:00,109.90476
2025-08-02 17:05:00+00:00,110.90394
2025-08-02 17:10:00+00:00,112.90230000000001
2025-08-02 17:15:00+00:00,113.90129999999999
2025-08-02 17:20:00+00:00,111.90312
2025-08-02 17:25:00+00:00,108.90576
2025-08-02 17:30:00+00:00,106.90740000000001
2025-08-02 17:35:00+00:00,104.90922
2025-08-02 17:40:00+00:00,104.90922
2025-08-02 17:45:00+00:00,103.91004
2025-08-02 17:50:00+00:00,106.90740000000001
2025-08-02 17:55:00+00:00,109.90476
2025-08-02 18:00:00+00:00,111.90312
2025-08-02 18:05:00+00:00,111.90312
2025-08-02 18:10:00+00:00,110.90394
2025-08-02 18:15:00+00:00,110.90394
2025-08-02 18:20:00+00:00,107.90658
2025-08-02 18:25:00+00:00,104.90922
2025-08-02 18:30:00+00:00,102.91086
2025-08-02 18:35:00+00:00,100.91268
2025-08-02 18:40:00+00:00,98.91432
2025-08-02 18:45:00+00:00,94.91778
2025-08-02 18:50:00+00:00,89.92205999999999
2025-08-02 18:55:00+00:00,85.92552
2025-08-02 19:00:00+00:00,81.92898
2025-08-02 19:05:00+00:00,82.92816
2025-08-02 19:10:00+00:00,81.92898
2025-08-02 19:15:00+00:00,79.9308
2025-08-02 19:20:00+00:00,83.92734
2025-08-02 19:25:00+00:00,82.92816
2025-08-02 19:30:00+00:00,81.92898
2025-08-02 19:35:00+00:00,82.92816
2025-08-02 19:40:00+00:00,82.92816
2025-08-02 19:45:00+00:00,82.92816
2025-08-02 19:50:00+00:00,83.92734
2025-08-02 19:55:00+00:00,85.92552
2025-08-02 20:00:00+00:00,86.9247
2025-08-02 20:05:00+00:00,88.92306
2025-08-02 20:10:00+00:00,90.92124
2025-08-02 20:15:00+00:00,91.92042000000001
2025-08-02 20:20:00+00:00,90.92124
2025-08-02 20:25:00+00:00,90.92124
2025-08-02 20:30:00+00:00,88.92306
2025-08-02 20:35:00+00:00,85.92552
2025-08-02 20:40:00+00:00,83.92734
2025-08-02 20:45:00+00:00,81.92898
2025-08-02 20:50:00+00:00,77.93244
2025-08-02 20:55:00+00:00,76.93343999999999
2025-08-02 21:00:00+00:00,76.93343999999999
2025-08-02 21:05:00+00:00,78.93162
2025-08-02 21:10:00+00:00,77.93244
2025-08-02 21:15:00+00:00,80.92998
2025-08-02 21:20:00+00:00,86.9247
2025-08-02 21:25:00+00:00,89.92205999999999
2025-08-02 21:30:00+00:00,95.91695999999999
2025-08-02 21:35:00+00:00,103.91004
2025-08-02 21:40:00+00:00,111.90312
2025-08-02 21:45:00+00:00,118.89702
2025-08-02 21:50:00+00:00,121.89438
2025-08-02 21:55:00+00:00,124.89192
2025-08-02 22:00:00+00:00,124.89192
2025-08-02 22:05:00+00:00,120.89537999999999
2025-08-02 22:10:00+00:00,116.89883999999999
2025-08-02 22:15:00+00:00,110.90394
2025-08-02 22:20:00+00:00,104.90922
2025-08-02 22:25:00+00:00,101.91168
2025-08-02 22:30:00+00:00,96.91614
2025-08-02 22:35:00+00:00,93.9186
2025-08-02 22:40:00+00:00,90.92124
2025-08-02 22:45:00+00:00,93.9186
2025-08-02 22:50:00+00:00,93.9186
2025-08-02 22:55:00+00:00,92.9196
2025-08-02 23:00:00+00:00,95.91695999999999
2025-08-02 23:05:00+00:00,95.91695999999999
2025-08-02 23:10:00+00:00,95.91695999999999
2025-08-02 23:15:00+00:00,98.91432
2025-08-02 23:20:00+00:00,101.91168
2025-08-02 23:25:00+00:00,103.91004
2025-08-02 23:30:00+00:00,104.90922
2025-08-02 23:35:00+00:00,106.90740000000001
2025-08-02 23:40:00+00:00,107.90658
2025-08-02 23:45:00+00:00,107.90658
2025-08-02 23:50:00+00:00,104.90922
2025-08-02 23:55:00+00:00,103.91004
2025-08-03 00:00:00+00:00,102.91086
2025-08-03 00:05:00+00:00,100.91268
2025-08-03 00:10:00+00:00,97.91514
2025-08-03 00:15:00+00:00,94.91778
2025-08-03 00:20:00+00:00,89.92205999999999
2025-08-03 00:25:00+00:00,87.92388
2025-08-03 00:30:00+00:00,84.92652
2025-08-03 00:35:00+00:00,80.92998
2025-08-03 00:40:00+00:00,78.93162
2025-08-03 00:45:00+00:00,78.93162
2025-08-03 00:50:00+00:00,77.93244
2025-08-03 00:55:00+00:00,77.93244
2025-08-03 01:00:00+00:00,84.92652
2025-08-03 01:05:00+00:00,85.92552
2025-08-03 01:10:00+00:00,84.92652
2025-08-03 01:15:00+00:00,85.92552
2025-08-03 01:20:00+00:00,81.92898
2025-08-03 01:25:00+00:00,76.93343999999999
2025-08-03 01:30:00+00:00,75.93426
2025-08-03 01:35:00+00:00,74.93508
2025-08-03 01:40:00+00:00,73.9359
2025-08-03 01:45:00+00:00,75.93426
2025-08-03 01:50:00+00:00,74.93508
2025-08-03 01:55:00+00:00,76.93343999999999
2025-08-03 02:00:00+00:00,77.93244
2025-08-03 02:05:00+00:00,76.93343999999999
2025-08-03 02:10:00+00:00,78.93162
2025-08-03 02:15:00+00:00,82.92816
2025-08-03 02:20:00+00:00,79.9308
2025-08-03 02:25:00+00:00,80.92998
2025-08-03 02:30:00+00:00,79.9308
2025-08-03 02:35:00+00:00,80.92998
2025-08-03 02:40:00+00:00,80.92998
2025-08-03 02:45:00+00:00,78.93162
2025-08-03 02:50:00+00:00,82.92816
2025-08-03 02:55:00+00:00,81.92898
2025-08-03 03:00:00+00:00,77.93244
2025-08-03 03:05:00+00:00,78.93162
2025-08-03 03:10:00+00:00,81.92898
2025-08-03 03:15:00+00:00,81.92898
2025-08-03 03:20:00+00:00,81.92898
2025-08-03 03:25:00+00:00,85.92552
2025-08-03 03:30:00+00:00,79.9308
2025-08-03 03:35:00+00:00,77.93244
2025-08-03 03:40:00+00:00,80.92998
2025-08-03 03:45:00+00:00,80.92998
2025-08-03 03:50:00+00:00,79.9308
2025-08-03 03:55:00+00:00,78.93162
2025-08-03 04:00:00+00:00,79.9308
2025-08-03 04:05:00+00:00,78.93162
2025-08-03 04:10:00+00:00,76.93343999999999
2025-08-03 04:15:00+00:00,75.93426
2025-08-03 04:20:00+00:00,74.93508
2025-08-03 04:25:00+00:00,73.9359
2025-08-03 04:30:00+00:00,73.9359
2025-08-03 04:35:00+00:00,74.93508
2025-08-03 04:40:00+00:00,73.9359
2025-08-03 04:45:00+00:00,73.9359
2025-08-03 04:50:00+00:00,76.93343999999999
2025-08-03 04:55:00+00:00,74.93508
2025-08-03 05:00:00+00:00,73.9359
2025-08-03 05:05:00+00:00,74.93508
2025-08-03 05:10:00+00:00,74.93508
2025-08-03 05:15:00+00:00,73.9359
2025-08-03 05:20:00+00:00,73.9359
2025-08-03 05:25:00+00:00,73.9359
2025-08-03 05:30:00+00:00,73.9359
2025-08-03 05:35:00+00:00,72.93690000000001
2025-08-03 05:40:00+00:00,72.93690000000001
2025-08-03 05:45:00+00:00,73.9359
2025-08-03 05:50:00+00:00,73.9359
2025-08-03 05:55:00+00:00,73.9359
2025-08-03 06:00:00+00:00,73.9359
2025-08-03 06:05:00+00:00,72.93690000000001
2025-08-03 06:10:00+00:00,70.93854
2025-08-03 06:15:00+00:00,70.93854
2025-08-03 06:20:00+00:00,70.93854
2025-08-03 06:25:00+00:00,70.93854
2025-08-03 06:30:00+00:00,69.93936000000001
2025-08-03 06:35:00+00:00,69.93936000000001
2025-08-03 06:40:00+00:00,70.93854
2025-08-03 06:45:00+00:00,70.93854
2025-08-03 06:50:00+00:00,69.93936000000001
2025-08-03 06:55:00+00:00,69.93936000000001
2025-08-03 07:00:00+00:00,69.93936000000001
2025-08-03 07:05:00+00:00,70.93854
2025-08-03 07:10:00+00:00,70.93854
2025-08-03 07:15:00+00:00,69.93936000000001
2025-08-03 07:20:00+00:00,70.93854
2025-08-03 07:25:00+00:00,69.93936000000001
2025-08-03 07:30:00+00:00,68.94036
2025-08-03 07:35:00+00:00,68.94036
2025-08-03 07:40:00+00:00,67.94118
2025-08-03 07:45:00+00:00,68.94036
2025-08-03 07:50:00+00:00,68.94036
2025-08-03 07:55:00+00:00,68.94036
2025-08-03 08:00:00+00:00,69.93936000000001
2025-08-03 08:05:00+00:00,69.93936000000001
2025-08-03 08:10:00+00:00,69.93936000000001
2025-08-03 08:15:00+00:00,69.93936000000001
2025-08-03 08:20:00+00:00,70.93854
2025-08-03 08:25:00+00:00,70.93854
2025-08-03 08:30:00+00:00,70.93854
2025-08-03 08:35:00+00:00,70.93854
2025-08-03 08:40:00+00:00,70.93854
2025-08-03 08:45:00+00:00,73.9359
2025-08-03 08:50:00+00:00,71.93772
2025-08-03 08:55:00+00:00,70.93854
2025-08-03 09:00:00+00:00,71.93772
2025-08-03 09:05:00+00:00,71.93772
2025-08-03 09:10:00+00:00,69.93936000000001
2025-08-03 09:15:00+00:00,67.94118
2025-08-03 09:20:00+00:00,68.94036
2025-08-03 09:25:00+00:00,67.94118
2025-08-03 09:30:00+00:00,67.94118
2025-08-03 09:35:00+00:00,67.94118
2025-08-03 09:40:00+00:00,68.94036
2025-08-03 09:45:00+00:00,68.94036
2025-08-03 09:50:00+00:00,67.94118
2025-08-03 09:55:00+00:00,68.94036
2025-08-03 10:00:00+00:00,68.94036
2025-08-03 10:05:00+00:00,68.94036
2025-08-03 10:10:00+00:00,68.94036
2025-08-03 10:15:00+00:00,68.94036
2025-08-03 10:20:00+00:00,68.94036
2025-08-03 10:25:00+00:00,68.94036
2025-08-03 10:30:00+00:00,69.93936000000001
2025-08-03 10:35:00+00:00,68.94036
2025-08-03 10:40:00+00:00,68.94036
2025-08-03 10:45:00+00:00,68.94036
2025-08-03 10:50:00+00:00,66.942
2025-08-03 10:55:00+00:00,65.94282
2025-08-03 11:00:00+00:00,66.942
2025-08-03 11:05:00+00:00,67.94118
2025-08-03 11:10:00+00:00,66.942
2025-08-03 11:15:00+00:00,70.93854
2025-08-03 11:20:00+00:00,74.93508
2025-08-03 11:25:00+00:00,74.93508
2025-08-03 11:30:00+00:00,77.93244
2025-08-03 11:35:00+00:00,81.92898
2025-08-03 11:40:00+00:00,81.92898
2025-08-03 11:45:00+00:00,81.92898
2025-08-03 11:50:00+00:00,83.92734
2025-08-03 11:55:00+00:00,82.92816
2025-08-03 12:00:00+00:00,80.92998
2025-08-03 12:05:00+00:00,78.93162
2025-08-03 12:10:00+00:00,79.9308
2025-08-03 12:15:00+00:00,79.9308
2025-08-03 12:20:00+00:00,76.93343999999999
2025-08-03 12:25:00+00:00,75.93426
2025-08-03 12:30:00+00:00,75.93426
2025-08-03 12:35:00+00:00,74.93508
2025-08-03 12:40:00+00:00,73.9359
2025-08-03 12:45:00+00:00,72.93690000000001
2025-08-03 12:50:00+00:00,69.93936000000001
2025-08-03 12:55:00+00:00,70.93854
2025-08-03 13:00:00+00:00,69.93936000000001
2025-08-03 13:05:00+00:00,71.93772
2025-08-03 13:10:00+00:00,75.93426
2025-08-03 13:15:00+00:00,77.93244
2025-08-03 13:20:00+00:00,77.93244
2025-08-03 13:25:00+00:00,76.93343999999999
2025-08-03 13:30:00+00:00,76.93343999999999
2025-08-03 13:35:00+00:00,78.93162
2025-08-03 13:40:00+00:00,77.93244
2025-08-03 13:45:00+00:00,74.93508
2025-08-03 13:50:00+00:00,75.93426
2025-08-03 13:55:00+00:00,78.93162
2025-08-03 14:00:00+00:00,77.93244
2025-08-03 14:05:00+00:00,79.9308
2025-08-03 14:10:00+00:00,79.9308
2025-08-03 14:15:00+00:00,75.93426
2025-08-03 14:20:00+00:00,75.93426
2025-08-03 14:25:00+00:00,78.93162
2025-08-03 14:30:00+00:00,81.92898
2025-08-03 14:35:00+00:00,85.92552
2025-08-03 14:40:00+00:00,90.92124
2025-08-03 14:45:00+00:00,94.91778
2025-08-03 14:50:00+00:00,97.91514
2025-08-03 14:55:00+00:00,96.91614
2025-08-03 15:00:00+00:00,96.91614
2025-08-03 15:05:00+00:00,94.91778
2025-08-03 15:10:00+00:00,92.9196
2025-08-03 15:15:00+00:00,92.9196
2025-08-03 15:20:00+00:00,90.92124
2025-08-03 15:25:00+00:00,89.92205999999999
2025-08-03 15:30:00+00:00,87.92388
2025-08-03 15:35:00+00:00,85.92552
2025-08-03 15:40:00+00:00,84.92652
2025-08-03 15:45:00+00:00,84.92652
2025-08-03 15:50:00+00:00,86.9247
2025-08-03 15:55:00+00:00,87.92388
2025-08-03 16:00:00+00:00,91.92042000000001
2025-08-03 16:05:00+00:00,94.91778
2025-08-03 16:10:00+00:00,93.9186
2025-08-03 16:15:00+00:00,92.9196
2025-08-03 16:20:00+00:00,92.9196
2025-08-03 16:25:00+00:00,90.92124
2025-08-03 16:30:00+00:00,87.92388
2025-08-03 16:35:00+00:00,85.92552
2025-08-03 16:40:00+00:00,84.92652
2025-08-03 16:45:00+00:00,83.92734
2025-08-03 16:50:00+00:00,82.92816
2025-08-03 16:55:00+00:00,84.92652
2025-08-03 17:00:00+00:00,84.92652
2025-08-03 17:05:00+00:00,85.92552
2025-08-03 17:10:00+00:00,88.92306
2025-08-03 17:15:00+00:00,93.9186
2025-08-03 17:20:00+00:00,96.91614
2025-08-03 17:25:00+00:00,98.91432
2025-08-03 17:30:00+00:00,100.91268
2025-08-03 17:35:00+00:00,102.91086
2025-08-03 17:40:00+00:00,102.91086
2025-08-03 17:45:00+00:00,100.91268
2025-08-03 17:50:00+00:00,100.91268
2025-08-03 17:55:00+00:00,101.91168
2025-08-03 18:00:00+00:00,101.91168
2025-08-03 18:05:00+00:00,103.91004
2025-08-03 18:10:00+00:00,107.90658
2025-08-03 18:15:00+00:00,108.90576
2025-08-03 18:20:00+00:00,109.90476
2025-08-03 18:25:00+00:00,112.90230000000001
2025-08-03 18:30:00+00:00,112.90230000000001
2025-08-03 18:35:00+00:00,112.90230000000001
2025-08-03 18:40:00+00:00,112.90230000000001
2025-08-03 18:45:00+00:00,114.90047999999999
2025-08-03 18:50:00+00:00,114.90047999999999
2025-08-03 18:55:00+00:00,115.89966
2025-08-03 19:00:00+00:00,117.89784
2025-08-03 19:05:00+00:00,117.89784
2025-08-03 19:10:00+00:00,115.89966
2025-08-03 19:15:00+00:00,112.90230000000001
2025-08-03 19:20:00+00:00,108.90576
2025-08-03 19:25:00+00:00,103.91004
2025-08-03 19:30:00+00:00,98.91432
2025-08-03 19:35:00+00:00,93.9186
2025-08-03 19:40:00+00:00,88.92306
2025-08-03 19:45:00+00:00,84.92652
2025-08-03 19:50:00+00:00,81.92898
2025-08-03 19:55:00+00:00,77.93244
2025-08-03 20:00:00+00:00,72.93690000000001
2025-08-03 20:05:00+00:00,70.93854
2025-08-03 20:10:00+00:00,69.93936000000001
2025-08-03 20:15:00+00:00,69.93936000000001
2025-08-03 20:20:00+00:00,69.93936000000001
2025-08-03 20:25:00+00:00,69.93936000000001
2025-08-03 20:30:00+00:00,65.94282
2025-08-03 20:35:00+00:00,65.94282
2025-08-03 20:40:00+00:00,65.94282
2025-08-03 20:45:00+00:00,65.94282
2025-08-03 20:50:00+00:00,69.93936000000001
2025-08-03 20:55:00+00:00,71.93772
2025-08-03 21:00:00+00:00,71.93772
2025-08-03 21:05:00+00:00,73.9359
2025-08-03 21:10:00+00:00,74.93508
2025-08-03 21:15:00+00:00,76.93343999999999
2025-08-03 21:20:00+00:00,77.93244
2025-08-03 21:25:00+00:00,77.93244
2025-08-03 21:30:00+00:00,81.92898
2025-08-03 21:35:00+00:00,83.92734
2025-08-03 21:40:00+00:00,84.92652
2025-08-03 21:45:00+00:00,89.92205999999999
2025-08-03 21:50:00+00:00,93.9186
2025-08-03 21:55:00+00:00,98.91432
2025-08-03 22:00:00+00:00,108.90576
2025-08-03 22:05:00+00:00,114.90047999999999
2025-08-03 22:10:00+00:00,122.89356000000001
2025-08-03 22:15:00+00:00,132.885
2025-08-03 22:20:00+00:00,137.88054
2025-08-03 22:25:00+00:00,141.87708
2025-08-03 22:30:00+00:00,145.87362
2025-08-03 22:35:00+00:00,148.87115999999997
2025-08-03 22:40:00+00:00,147.87197999999998
2025-08-03 22:45:00+00:00,146.87279999999998
2025-08-03 22:50:00+00:00,145.87362
2025-08-03 22:55:00+00:00,142.87626
2025-08-03 23:00:00+00:00,136.88154
2025-08-03 23:05:00+00:00,131.88582
2025-08-03 23:10:00+00:00,125.89092000000001
2025-08-03 23:15:00+00:00,121.89438
2025-08-03 23:20:00+00:00,114.90047999999999
2025-08-03 23:25:00+00:00,110.90394
2025-08-03 23:30:00+00:00,103.91004
2025-08-03 23:35:00+00:00,100.91268
2025-08-03 23:40:00+00:00,98.91432
2025-08-03 23:45:00+00:00,94.91778
2025-08-03 23:50:00+00:00,93.9186
2025-08-03 23:55:00+00:00,91.92042000000001
2025-08-04 00:00:00+00:00,90.92124
2025-08-04 00:05:00+00:00,84.92652
2025-08-04 00:10:00+00:00,76.93343999999999
2025-08-04 00:15:00+00:00,72.93690000000001
2025-08-04 00:20:00+00:00,69.93936000000001
2025-08-04 00:25:00+00:00,69.93936000000001
2025-08-04 00:30:00+00:00,75.93426
2025-08-04 00:35:00+00:00,80.92998
2025-08-04 00:40:00+00:00,87.92388
2025-08-04 00:45:00+00:00,93.9186
2025-08-04 00:50:00+00:00,98.91432
2025-08-04 00:55:00+00:00,101.91168
2025-08-04 01:00:00+00:00,101.91168
2025-08-04 01:05:00+00:00,101.91168
2025-08-04 01:10:00+00:00,100.91268
2025-08-04 01:15:00+00:00,98.91432
2025-08-04 01:20:00+00:00,96.91614
2025-08-04 01:25:00+00:00,95.91695999999999
2025-08-04 01:30:00+00:00,97.91514
2025-08-04 01:35:00+00:00,98.91432
2025-08-04 01:40:00+00:00,97.91514
2025-08-04 01:45:00+00:00,101.91168
2025-08-04 01:50:00+00:00,103.91004
2025-08-04 01:55:00+00:00,101.91168
2025-08-04 02:00:00+00:00,99.9135
2025-08-04 02:05:00+00:00,95.91695999999999
2025-08-04 02:10:00+00:00,88.92306
2025-08-04 02:15:00+00:00,80.92998
2025-08-04 02:20:00+00:00,78.93162
2025-08-04 02:25:00+00:00,73.9359
2025-08-04 02:30:00+00:00,76.93343999999999
2025-08-04 02:35:00+00:00,78.93162
2025-08-04 02:40:00+00:00,77.93244
2025-08-04 02:45:00+00:00,84.92652
2025-08-04 02:50:00+00:00,82.92816
2025-08-04 02:55:00+00:00,77.93244
2025-08-04 03:00:00+00:00,78.93162
2025-08-04 03:05:00+00:00,78.93162
2025-08-04 03:10:00+00:00,78.93162
2025-08-04 03:15:00+00:00,77.93244
2025-08-04 03:20:00+00:00,76.93343999999999
2025-08-04 03:25:00+00:00,76.93343999999999
2025-08-04 03:30:00+00:00,75.93426
2025-08-04 03:35:00+00:00,76.93343999999999
2025-08-04 03:40:00+00:00,75.93426
2025-08-04 03:45:00+00:00,74.93508
2025-08-04 03:50:00+00:00,74.93508
2025-08-04 03:55:00+00:00,73.9359
2025-08-04 04:00:00+00:00,73.9359
2025-08-04 04:05:00+00:00,73.9359
2025-08-04 04:10:00+00:00,72.93690000000001
2025-08-04 04:15:00+00:00,73.9359
2025-08-04 04:20:00+00:00,72.93690000000001
2025-08-04 04:25:00+00:00,72.93690000000001
2025-08-04 04:30:00+00:00,74.93508
2025-08-04 04:35:00+00:00,72.93690000000001
2025-08-04 04:40:00+00:00,71.93772
2025-08-04 04:45:00+00:00,71.93772
2025-08-04 04:50:00+00:00,70.93854
2025-08-04 04:55:00+00:00,69.93936000000001
2025-08-04 05:00:00+00:00,69.93936000000001
2025-08-04 05:05:00+00:00,69.93936000000001
2025-08-04 05:10:00+00:00,70.93854
2025-08-04 05:15:00+00:00,70.93854
2025-08-04 05:20:00+00:00,71.93772
2025-08-04 05:25:00+00:00,73.9359
2025-08-04 05:30:00+00:00,72.93690000000001
2025-08-04 05:35:00+00:00,72.93690000000001
2025-08-04 05:40:00+00:00,71.93772
2025-08-04 05:45:00+00:00,71.93772
2025-08-04 05:50:00+00:00,71.93772
2025-08-04 05:55:00+00:00,70.93854
2025-08-04 06:00:00+00:00,71.93772
2025-08-04 06:05:00+00:00,71.93772
2025-08-04 06:10:00+00:00,71.93772
2025-08-04 06:15:00+00:00,71.93772
2025-08-04 06:20:00+00:00,71.93772
2025-08-04 06:25:00+00:00,71.93772
2025-08-04 06:30:00+00:00,70.93854
2025-08-04 06:35:00+00:00,69.93936000000001
2025-08-04 06:40:00+00:00,70.93854
2025-08-04 06:45:00+00:00,68.94036
2025-08-04 06:50:00+00:00,68.94036
2025-08-04 06:55:00+00:00,68.94036
2025-08-04 07:00:00+00:00,67.94118
2025-08-04 07:05:00+00:00,66.942
2025-08-04 07:10:00+00:00,65.94282
2025-08-04 07:15:00+00:00,64.94382
2025-08-04 07:20:00+00:00,63.94464
2025-08-04 07:25:00+00:00,62.945460000000004
2025-08-04 07:30:00+00:00,62.945460000000004
2025-08-04 07:35:00+00:00,62.945460000000004
2025-08-04 07:40:00+00:00,62.945460000000004
2025-08-04 07:45:00+00:00,62.945460000000004
2025-08-04 07:50:00+00:00,61.94628
2025-08-04 07:55:00+00:00,62.945460000000004
2025-08-04 08:00:00+00:00,62.945460000000004
2025-08-04 08:05:00+00:00,62.945460000000004
2025-08-04 08:10:00+00:00,65.94282
2025-08-04 08:15:00+00:00,68.94036
2025-08-04 08:20:00+00:00,67.94118
2025-08-04 08:25:00+00:00,67.94118
2025-08-04 08:30:00+00:00,67.94118
2025-08-04 08:35:00+00:00,67.94118
2025-08-04 08:40:00+00:00,66.942
2025-08-04 08:45:00+00:00,66.942
2025-08-04 08:50:00+00:00,66.942
2025-08-04 08:55:00+00:00,66.942
2025-08-04 09:00:00+00:00,66.942
2025-08-04 09:05:00+00:00,65.94282
2025-08-04 09:10:00+00:00,65.94282
2025-08-04 09:15:00+00:00,65.94282
2025-08-04 09:20:00+00:00,65.94282
2025-08-04 09:25:00+00:00,67.94118
2025-08-04 09:30:00+00:00,67.94118
2025-08-04 09:35:00+00:00,68.94036
2025-08-04 09:40:00+00:00,68.94036
2025-08-04 09:45:00+00:00,68.94036
2025-08-04 09:50:00+00:00,68.94036
2025-08-04 09:55:00+00:00,67.94118
2025-08-04 10:00:00+00:00,68.94036
2025-08-04 10:05:00+00:00,69.93936000000001
2025-08-04 10:10:00+00:00,68.94036
2025-08-04 10:15:00+00:00,70.93854
2025-08-04 10:20:00+00:00,68.94036
2025-08-04 10:25:00+00:00,68.94036
2025-08-04 10:30:00+00:00,66.942
2025-08-04 10:35:00+00:00,64.94382
2025-08-04 10:40:00+00:00,65.94282
2025-08-04 10:45:00+00:00,64.94382
2025-08-04 10:50:00+00:00,61.94628
2025-08-04 10:55:00+00:00,62.945460000000004
2025-08-04 11:00:00+00:00,64.94382
2025-08-04 11:05:00+00:00,64.94382
2025-08-04 11:10:00+00:00,67.94118
2025-08-04 11:15:00+00:00,72.93690000000001
2025-08-04 11:20:00+00:00,74.93508
2025-08-04 11:25:00+00:00,77.93244
2025-08-04 11:30:00+00:00,79.9308
2025-08-04 11:35:00+00:00,79.9308
2025-08-04 11:40:00+00:00,81.92898
2025-08-04 11:45:00+00:00,81.92898
2025-08-04 11:50:00+00:00,77.93244
2025-08-04 11:55:00+00:00,75.93426
2025-08-04 12:00:00+00:00,72.93690000000001
2025-08-04 12:05:00+00:00,69.93936000000001
2025-08-04 12:10:00+00:00,68.94036
2025-08-04 12:15:00+00:00,70.93854
2025-08-04 12:20:00+00:00,71.93772
2025-08-04 12:25:00+00:00,72.93690000000001
2025-08-04 12:30:00+00:00,75.93426
2025-08-04 12:35:00+00:00,74.93508
2025-08-04 12:40:00+00:00,74.93508
2025-08-04 12:45:00+00:00,78.93162
2025-08-04 12:50:00+00:00,78.93162
2025-08-04 12:55:00+00:00,78.93162
2025-08-04 13:00:00+00:00,77.93244
2025-08-04 13:05:00+00:00,78.93162
2025-08-04 13:10:00+00:00,79.9308
2025-08-04 13:15:00+00:00,78.93162
2025-08-04 13:20:00+00:00,79.9308
2025-08-04 13:25:00+00:00,83.92734
2025-08-04 13:30:00+00:00,83.92734
2025-08-04 13:35:00+00:00,86.9247
2025-08-04 13:40:00+00:00,88.92306
2025-08-04 13:45:00+00:00,85.92552
2025-08-04 13:50:00+00:00,82.92816
2025-08-04 13:55:00+00:00,82.92816
2025-08-04 14:00:00+00:00,86.9247
2025-08-04 14:05:00+00:00,87.92388
2025-08-04 14:10:00+00:00,89.92205999999999
2025-08-04 14:15:00+00:00,91.92042000000001
2025-08-04 14:20:00+00:00,93.9186
2025-08-04 14:25:00+00:00,93.9186
2025-08-04 14:30:00+00:00,90.92124
2025-08-04 14:35:00+00:00,88.92306
2025-08-04 14:40:00+00:00,86.9247
2025-08-04 14:45:00+00:00,84.92652
2025-08-04 14:50:00+00:00,82.92816
2025-08-04 14:55:00+00:00,81.92898
2025-08-04 15:00:00+00:00,81.92898
2025-08-04 15:05:00+00:00,80.92998
2025-08-04 15:10:00+00:00,80.92998
2025-08-04 15:15:00+00:00,80.92998
2025-08-04 15:20:00+00:00,80.92998
2025-08-04 15:25:00+00:00,81.92898
2025-08-04 15:30:00+00:00,81.92898
2025-08-04 15:35:00+00:00,80.92998
2025-08-04 15:40:00+00:00,80.92998
2025-08-04 15:45:00+00:00,82.92816
2025-08-04 15:50:00+00:00,82.92816
2025-08-04 15:55:00+00:00,81.92898
2025-08-04 16:00:00+00:00,82.92816
2025-08-04 16:05:00+00:00,83.92734
2025-08-04 16:10:00+00:00,83.92734
2025-08-04 16:15:00+00:00,84.92652
2025-08-04 16:20:00+00:00,93.9186
2025-08-04 16:25:00+00:00,97.91514
2025-08-04 16:30:00+00:00,96.91614
2025-08-04 16:35:00+00:00,104.90922
2025-08-04 16:40:00+00:00,107.90658
2025-08-04 16:45:00+00:00,100.91268
2025-08-04 16:50:00+00:00,97.91514
2025-08-04 16:55:00+00:00,98.91432
2025-08-04 17:00:00+00:00,94.91778
2025-08-04 17:05:00+00:00,86.9247
2025-08-04 17:10:00+00:00,85.92552
2025-08-04 17:15:00+00:00,90.92124
2025-08-04 17:20:00+00:00,92.9196
2025-08-04 17:25:00+00:00,93.9186
2025-08-04 17:30:00+00:00,96.91614
2025-08-04 17:35:00+00:00,102.91086
2025-08-04 17:40:00+00:00,106.90740000000001
2025-08-04 17:45:00+00:00,108.90576
2025-08-04 17:50:00+00:00,109.90476
2025-08-04 17:55:00+00:00,110.90394
2025-08-04 18:00:00+00:00,108.90576
2025-08-04 18:05:00+00:00,104.90922
2025-08-04 18:10:00+00:00,100.91268
2025-08-04 18:15:00+00:00,93.9186
2025-08-04 18:20:00+00:00,88.92306
2025-08-04 18:25:00+00:00,84.92652
2025-08-04 18:30:00+00:00,80.92998
2025-08-04 18:35:00+00:00,77.93244
2025-08-04 18:40:00+00:00,76.93343999999999
2025-08-04 18:45:00+00:00,75.93426
2025-08-04 18:50:00+00:00,75.93426
2025-08-04 18:55:00+00:00,76.93343999999999
2025-08-04 19:00:00+00:00,76.93343999999999
2025-08-04 19:05:00+00:00,78.93162
2025-08-04 19:10:00+00:00,79.9308
2025-08-04 19:15:00+00:00,79.9308
2025-08-04 19:20:00+00:00,82.92816
2025-08-04 19:25:00+00:00,85.92552
2025-08-04 19:30:00+00:00,90.92124
2025-08-04 19:35:00+00:00,97.91514
2025-08-04 19:40:00+00:00,105.90822
2025-08-04 19:45:00+00:00,113.90129999999999
2025-08-04 19:50:00+00:00,120.89537999999999
2025-08-04 19:55:00+00:00,127.88928
2025-08-04 20:00:00+00:00,131.88582
2025-08-04 20:05:00+00:00,131.88582
2025-08-04 20:10:00+00:00,130.88664
2025-08-04 20:15:00+00:00,126.8901
2025-08-04 20:20:00+00:00,123.89274
2025-08-04 20:25:00+00:00,119.8962
2025-08-04 20:30:00+00:00,115.89966
2025-08-04 20:35:00+00:00,113.90129999999999
2025-08-04 20:40:00+00:00,111.90312
2025-08-04 20:45:00+00:00,108.90576
2025-08-04 20:50:00+00:00,106.90740000000001
2025-08-04 20:55:00+00:00,103.91004
2025-08-04 21:00:00+00:00,103.91004
2025-08-04 21:05:00+00:00,101.91168
2025-08-04 21:10:00+00:00,99.9135
2025-08-04 21:15:00+00:00,97.91514
2025-08-04 21:20:00+00:00,92.9196
2025-08-04 21:25:00+00:00,89.92205999999999
2025-08-04 21:30:00+00:00,85.92552
2025-08-04 21:35:00+00:00,81.92898
2025-08-04 21:40:00+00:00,85.92552
2025-08-04 21:45:00+00:00,80.92998
2025-08-04 21:50:00+00:00,77.93244
2025-08-04 21:55:00+00:00,77.93244
2025-08-04 22:00:00+00:00,72.93690000000001
2025-08-04 22:05:00+00:00,69.93936000000001
2025-08-04 22:10:00+00:00,70.93854
2025-08-04 22:15:00+00:00,70.93854
2025-08-04 22:20:00+00:00,71.93772
2025-08-04 22:25:00+00:00,72.93690000000001
2025-08-04 22:30:00+00:00,74.93508
2025-08-04 22:35:00+00:00,76.93343999999999
2025-08-04 22:40:00+00:00,76.93343999999999
2025-08-04 22:45:00+00:00,76.93343999999999
2025-08-04 22:50:00+00:00,78.93162
2025-08-04 22:55:00+00:00,78.93162
2025-08-04 23:00:00+00:00,80.92998
2025-08-04 23:05:00+00:00,82.92816
2025-08-04 23:10:00+00:00,83.92734
2025-08-04 23:15:00+00:00,86.9247
2025-08-04 23:20:00+00:00,90.92124
2025-08-04 23:25:00+00:00,94.91778
2025-08-04 23:30:00+00:00,101.91168
2025-08-04 23:35:00+00:00,108.90576
2025-08-04 23:40:00+00:00,112.90230000000001
2025-08-04 23:45:00+00:00,116.89883999999999
2025-08-04 23:50:00+00:00,115.89966
2025-08-04 23:55:00+00:00,112.90230000000001
2025-08-05 00:00:00+00:00,105.90822
2025-08-05 00:05:00+00:00,100.91268
2025-08-05 00:10:00+00:00,96.91614
2025-08-05 00:15:00+00:00,91.92042000000001
2025-08-05 00:20:00+00:00,94.91778
2025-08-05 00:25:00+00:00,100.91268
2025-08-05 00:30:00+00:00,108.90576
2025-08-05 00:35:00+00:00,113.90129999999999
2025-08-05 00:40:00+00:00,117.89784
2025-08-05 00:45:00+00:00,120.89537999999999
2025-08-05 00:50:00+00:00,119.8962
2025-08-05 00:55:00+00:00,116.89883999999999
2025-08-05 01:00:00+00:00,112.90230000000001
2025-08-05 01:05:00+00:00,108.90576
2025-08-05 01:10:00+00:00,107.90658
2025-08-05 01:15:00+00:00,105.90822
2025-08-05 01:20:00+00:00,103.91004
2025-08-05 01:25:00+00:00,102.91086
2025-08-05 01:30:00+00:00,99.9135
2025-08-05 01:35:00+00:00,96.91614
2025-08-05 01:40:00+00:00,96.91614
2025-08-05 01:45:00+00:00,93.9186
2025-08-05 01:50:00+00:00,92.9196
2025-08-05 01:55:00+00:00,91.92042000000001
2025-08-05 02:00:00+00:00,89.92205999999999
2025-08-05 02:05:00+00:00,89.92205999999999
2025-08-05 02:10:00+00:00,89.92205999999999
2025-08-05 02:15:00+00:00,89.92205999999999
2025-08-05 02:20:00+00:00,88.92306
2025-08-05 02:25:00+00:00,87.92388
2025-08-05 02:30:00+00:00,88.92306
2025-08-05 02:35:00+00:00,90.92124
2025-08-05 02:40:00+00:00,92.9196
2025-08-05 02:45:00+00:00,95.91695999999999
2025-08-05 02:50:00+00:00,96.91614
2025-08-05 02:55:00+00:00,95.91695999999999
2025-08-05 03:00:00+00:00,93.9186
2025-08-05 03:05:00+00:00,92.9196
2025-08-05 03:10:00+00:00,90.92124
2025-08-05 03:15:00+00:00,86.9247
2025-08-05 03:20:00+00:00,83.92734
2025-08-05 03:25:00+00:00,89.92205999999999
2025-08-05 03:30:00+00:00,85.92552
2025-08-05 03:35:00+00:00,84.92652
2025-08-05 03:40:00+00:00,89.92205999999999
2025-08-05 03:45:00+00:00,84.92652
2025-08-05 03:50:00+00:00,81.92898
2025-08-05 03:55:00+00:00,83.92734
2025-08-05 04:00:00+00:00,83.92734
2025-08-05 04:05:00+00:00,82.92816
2025-08-05 04:10:00+00:00,80.92998
2025-08-05 04:15:00+00:00,82.92816
2025-08-05 04:20:00+00:00,83.92734
2025-08-05 04:25:00+00:00,81.92898
2025-08-05 04:30:00+00:00,80.92998
2025-08-05 04:35:00+00:00,79.9308
2025-08-05 04:40:00+00:00,79.9308
2025-08-05 04:45:00+00:00,78.93162
2025-08-05 04:50:00+00:00,77.93244
2025-08-05 04:55:00+00:00,76.93343999999999
2025-08-05 05:00:00+00:00,75.93426
2025-08-05 05:05:00+00:00,76.93343999999999
2025-08-05 05:10:00+00:00,76.93343999999999
2025-08-05 05:15:00+00:00,75.93426
2025-08-05 05:20:00+00:00,74.93508
2025-08-05 05:25:00+00:00,75.93426
2025-08-05 05:30:00+00:00,74.93508
2025-08-05 05:35:00+00:00,74.93508
2025-08-05 05:40:00+00:00,74.93508
2025-08-05 05:45:00+00:00,74.93508
2025-08-05 05:50:00+00:00,74.93508
2025-08-05 05:55:00+00:00,74.93508
2025-08-05 06:00:00+00:00,76.93343999999999
2025-08-05 06:05:00+00:00,75.93426
2025-08-05 06:10:00+00:00,74.93508
2025-08-05 06:15:00+00:00,75.93426
2025-08-05 06:20:00+00:00,72.93690000000001
2025-08-05 06:25:00+00:00,70.93854
2025-08-05 06:30:00+00:00,70.93854
2025-08-05 06:35:00+00:00,68.94036
2025-08-05 06:40:00+00:00,67.94118
2025-08-05 06:45:00+00:00,66.942
2025-08-05 06:50:00+00:00,66.942
2025-08-05 06:55:00+00:00,66.942
2025-08-05 07:00:00+00:00,66.942
2025-08-05 07:05:00+00:00,69.93936000000001
2025-08-05 07:10:00+00:00,70.93854
2025-08-05 07:15:00+00:00,71.93772
2025-08-05 07:20:00+00:00,75.93426
2025-08-05 07:25:00+00:00,74.93508
2025-08-05 07:30:00+00:00,72.93690000000001
2025-08-05 07:35:00+00:00,72.93690000000001
2025-08-05 07:40:00+00:00,72.93690000000001
2025-08-05 07:45:00+00:00,72.93690000000001
2025-08-05 07:50:00+00:00,71.93772
2025-08-05 07:55:00+00:00,70.93854
2025-08-05 08:00:00+00:00,71.93772
2025-08-05 08:05:00+00:00,70.93854
2025-08-05 08:10:00+00:00,69.93936000000001
2025-08-05 08:15:00+00:00,66.942
2025-08-05 08:20:00+00:00,65.94282
2025-08-05 08:25:00+00:00,63.94464
2025-08-05 08:30:00+00:00,58.94892
2025-08-05 08:35:00+00:00,55.95156
2025-08-05 08:40:00+00:00,56.665234285714284
2025-08-05 08:45:00+00:00,57.378908571428575
2025-08-05 08:50:00+00:00,58.09258285714286
2025-08-05 08:55:00+00:00,
2025-08-05 09:00:00+00:00,
2025-08-05 09:05:00+00:00,
2025-08-05 09:10:00+00:00,60.94728
2025-08-05 09:15:00+00:00,69.93936000000001
2025-08-05 09:20:00+00:00,69.93936000000001
2025-08-05 09:25:00+00:00,69.93936000000001
2025-08-05 09:30:00+00:00,70.93854
2025-08-05 09:35:00+00:00,69.93936000000001
2025-08-05 09:40:00+00:00,67.94118
2025-08-05 09:45:00+00:00,66.942
2025-08-05 09:50:00+00:00,65.94282
2025-08-05 09:55:00+00:00,66.942
2025-08-05 10:00:00+00:00,65.94282
2025-08-05 10:05:00+00:00,65.94282
2025-08-05 10:10:00+00:00,68.94036
2025-08-05 10:15:00+00:00,67.94118
2025-08-05 10:20:00+00:00,65.94282
2025-08-05 10:25:00+00:00,66.942
2025-08-05 10:30:00+00:00,66.942
2025-08-05 10:35:00+00:00,66.942
2025-08-05 10:40:00+00:00,67.94118
2025-08-05 10:45:00+00:00,67.94118
2025-08-05 10:50:00+00:00,70.93854
2025-08-05 10:55:00+00:00,71.93772
2025-08-05 11:00:00+00:00,71.93772
2025-08-05 11:05:00+00:00,74.93508
2025-08-05 11:10:00+00:00,75.93426
2025-08-05 11:15:00+00:00,76.93343999999999
2025-08-05 11:20:00+00:00,78.93162
2025-08-05 11:25:00+00:00,78.93162
2025-08-05 11:30:00+00:00,79.9308
2025-08-05 11:35:00+00:00,77.93244
2025-08-05 11:40:00+00:00,77.93244
2025-08-05 11:45:00+00:00,77.93244
2025-08-05 11:50:00+00:00,77.93244
2025-08-05 11:55:00+00:00,80.92998
2025-08-05 12:00:00+00:00,79.9308
2025-08-05 12:05:00+00:00,79.9308
2025-08-05 12:10:00+00:00,79.9308
2025-08-05 12:15:00+00:00,80.92998
2025-08-05 12:20:00+00:00,79.9308
2025-08-05 12:25:00+00:00,77.93244
2025-08-05 12:30:00+00:00,78.93162
2025-08-05 12:35:00+00:00,77.93244
2025-08-05 12:40:00+00:00,75.93426
2025-08-05 12:45:00+00:00,76.93343999999999
2025-08-05 12:50:00+00:00,81.92898
2025-08-05 12:55:00+00:00,85.92552
2025-08-05 13:00:00+00:00,88.92306
2025-08-05 13:05:00+00:00,97.91514
2025-08-05 13:10:00+00:00,98.91432
2025-08-05 13:15:00+00:00,96.91614
2025-08-05 13:20:00+00:00,94.91778
2025-08-05 13:25:00+00:00,89.92205999999999
2025-08-05 13:30:00+00:00,82.92816
2025-08-05 13:35:00+00:00,75.93426
2025-08-05 13:40:00+00:00,71.93772
2025-08-05 13:45:00+00:00,67.94118
2025-08-05 13:50:00+00:00,66.942
2025-08-05 13:55:00+00:00,68.94036
2025-08-05 14:00:00+00:00,70.93854
2025-08-05 14:05:00+00:00,75.93426
2025-08-05 14:10:00+00:00,81.92898
2025-08-05 14:15:00+00:00,86.9247
2025-08-05 14:20:00+00:00,89.92205999999999
2025-08-05 14:25:00+00:00,91.92042000000001
2025-08-05 14:30:00+00:00,91.92042000000001
2025-08-05 14:35:00+00:00,90.92124
2025-08-05 14:40:00+00:00,90.92124
2025-08-05 14:45:00+00:00,88.92306
2025-08-05 14:50:00+00:00,88.92306
2025-08-05 14:55:00+00:00,88.92306
2025-08-05 15:00:00+00:00,87.92388
2025-08-05 15:05:00+00:00,87.92388
2025-08-05 15:10:00+00:00,86.9247
2025-08-05 15:15:00+00:00,85.92552
2025-08-05 15:20:00+00:00,83.92734
2025-08-05 15:25:00+00:00,81.92898
2025-08-05 15:30:00+00:00,81.92898
2025-08-05 15:35:00+00:00,80.92998
2025-08-05 15:40:00+00:00,79.9308
2025-08-05 15:45:00+00:00,79.9308
2025-08-05 15:50:00+00:00,81.92898
2025-08-05 15:55:00+00:00,82.92816
2025-08-05 16:00:00+00:00,82.92816
2025-08-05 16:05:00+00:00,82.92816
2025-08-05 16:10:00+00:00,82.92816
2025-08-05 16:15:00+00:00,81.92898
2025-08-05 16:20:00+00:00,80.92998
2025-08-05 16:25:00+00:00,80.92998
2025-08-05 16:30:00+00:00,78.93162
2025-08-05 16:35:00+00:00,78.93162
2025-08-05 16:40:00+00:00,80.92998
2025-08-05 16:45:00+00:00,79.9308
2025-08-05 16:50:00+00:00,79.9308
2025-08-05 16:55:00+00:00,81.92898
2025-08-05 17:00:00+00:00,80.92998
2025-08-05 17:05:00+00:00,83.92734
2025-08-05 17:10:00+00:00,91.92042000000001
2025-08-05 17:15:00+00:00,94.91778
2025-08-05 17:20:00+00:00,103.91004
2025-08-05 17:25:00+00:00,114.90047999999999
2025-08-05 17:30:00+00:00,117.89784
2025-08-05 17:35:00+00:00,117.89784
2025-08-05 17:40:00+00:00,115.89966
2025-08-05 17:45:00+00:00,112.90230000000001
2025-08-05 17:50:00+00:00,110.90394
2025-08-05 17:55:00+00:00,107.90658
2025-08-05 18:00:00+00:00,103.91004
2025-08-05 18:05:00+00:00,99.9135
2025-08-05 18:10:00+00:00,96.91614
2025-08-05 18:15:00+00:00,93.9186
2025-08-05 18:20:00+00:00,88.92306
2025-08-05 18:25:00+00:00,86.9247
2025-08-05 18:30:00+00:00,85.92552
2025-08-05 18:35:00+00:00,84.92652
2025-08-05 18:40:00+00:00,85.92552
2025-08-05 18:45:00+00:00,85.92552
2025-08-05 18:50:00+00:00,86.9247
2025-08-05 18:55:00+00:00,86.9247
2025-08-05 19:00:00+00:00,85.92552
2025-08-05 19:05:00+00:00,85.92552
2025-08-05 19:10:00+00:00,85.92552
2025-08-05 19:15:00+00:00,83.92734
2025-08-05 19:20:00+00:00,83.92734
2025-08-05 19:25:00+00:00,83.92734
2025-08-05 19:30:00+00:00,81.92898
2025-08-05 19:35:00+00:00,82.92816
2025-08-05 19:40:00+00:00,83.92734
2025-08-05 19:45:00+00:00,81.92898
2025-08-05 19:50:00+00:00,80.92998
2025-08-05 19:55:00+00:00,80.92998
2025-08-05 20:00:00+00:00,79.9308
2025-08-05 20:05:00+00:00,80.92998
2025-08-05 20:10:00+00:00,80.92998
2025-08-05 20:15:00+00:00,81.92898
2025-08-05 20:20:00+00:00,81.92898
2025-08-05 20:25:00+00:00,82.92816
2025-08-05 20:30:00+00:00,82.92816
2025-08-05 20:35:00+00:00,83.92734
2025-08-05 20:40:00+00:00,83.92734
2025-08-05 20:45:00+00:00,83.92734
2025-08-05 20:50:00+00:00,83.92734
2025-08-05 20:55:00+00:00,83.92734
2025-08-05 21:00:00+00:00,83.92734
2025-08-05 21:05:00+00:00,83.92734
2025-08-05 21:10:00+00:00,83.92734
2025-08-05 21:15:00+00:00,82.92816
2025-08-05 21:20:00+00:00,81.92898
2025-08-05 21:25:00+00:00,81.92898
2025-08-05 21:30:00+00:00,79.9308
2025-08-05 21:35:00+00:00,80.92998
2025-08-05 21:40:00+00:00,80.92998
2025-08-05 21:45:00+00:00,79.9308
2025-08-05 21:50:00+00:00,79.9308
2025-08-05 21:55:00+00:00,78.93162
2025-08-05 22:00:00+00:00,79.9308
2025-08-05 22:05:00+00:00,79.9308
2025-08-05 22:10:00+00:00,80.92998
2025-08-05 22:15:00+00:00,82.92816
2025-08-05 22:20:00+00:00,85.92552
2025-08-05 22:25:00+00:00,90.92124
2025-08-05 22:30:00+00:00,98.91432
2025-08-05 22:35:00+00:00,112.90230000000001
2025-08-05 22:40:00+00:00,123.89274
2025-08-05 22:45:00+00:00,132.885
2025-08-05 22:50:00+00:00,141.87708
2025-08-05 22:55:00+00:00,147.87197999999998
2025-08-05 23:00:00+00:00,151.86852
2025-08-05 23:05:00+00:00,154.86588
2025-08-05 23:10:00+00:00,157.86324
2025-08-05 23:15:00+00:00,158.86242
2025-08-05 23:20:00+00:00,158.86242
2025-08-05 23:25:00+00:00,157.86324
2025-08-05 23:30:00+00:00,151.86852
2025-08-05 23:35:00+00:00,145.87362
2025-08-05 23:40:00+00:00,139.8789
2025-08-05 23:45:00+00:00,128.88846
2025-08-05 23:50:00+00:00,119.8962
2025-08-05 23:55:00+00:00,111.90312
2025-08-06 00:00:00+00:00,101.91168
2025-08-06 00:05:00+00:00,98.91432
2025-08-06 00:10:00+00:00,98.91432
2025-08-06 00:15:00+00:00,100.91268
2025-08-06 00:20:00+00:00,102.91086
2025-08-06 00:25:00+00:00,105.90822
2025-08-06 00:30:00+00:00,108.90576
2025-08-06 00:35:00+00:00,110.90394
2025-08-06 00:40:00+00:00,110.90394
2025-08-06 00:45:00+00:00,110.90394
2025-08-06 00:50:00+00:00,110.90394
2025-08-06 00:55:00+00:00,110.90394
2025-08-06 01:00:00+00:00,110.90394
2025-08-06 01:05:00+00:00,108.90576
2025-08-06 01:10:00+00:00,107.90658
2025-08-06 01:15:00+00:00,106.90740000000001
2025-08-06 01:20:00+00:00,104.90922
2025-08-06 01:25:00+00:00,102.91086
2025-08-06 01:30:00+00:00,99.9135
2025-08-06 01:35:00+00:00,98.91432
2025-08-06 01:40:00+00:00,97.91514
2025-08-06 01:45:00+00:00,96.91614
2025-08-06 01:50:00+00:00,96.91614
2025-08-06 01:55:00+00:00,94.91778
2025-08-06 02:00:00+00:00,93.9186
2025-08-06 02:05:00+00:00,92.9196
2025-08-06 02:10:00+00:00,89.92205999999999
2025-08-06 02:15:00+00:00,88.92306
2025-08-06 02:20:00+00:00,87.92388
2025-08-06 02:25:00+00:00,87.92388
2025-08-06 02:30:00+00:00,87.92388
2025-08-06 02:35:00+00:00,85.92552
2025-08-06 02:40:00+00:00,80.92998
2025-08-06 02:45:00+00:00,74.93508
2025-08-06 02:50:00+00:00,76.93343999999999
2025-08-06 02:55:00+00:00,75.93426
2025-08-06 03:00:00+00:00,73.9359
2025-08-06 03:05:00+00:00,79.9308
2025-08-06 03:10:00+00:00,78.93162
2025-08-06 03:15:00+00:00,72.93690000000001
2025-08-06 03:20:00+00:00,74.93508
2025-08-06 03:25:00+00:00,76.93343999999999
2025-08-06 03:30:00+00:00,76.93343999999999
2025-08-06 03:35:00+00:00,74.93508
2025-08-06 03:40:00+00:00,77.93244
2025-08-06 03:45:00+00:00,79.9308
2025-08-06 03:50:00+00:00,76.93343999999999
2025-08-06 03:55:00+00:00,78.93162
2025-08-06 04:00:00+00:00,76.93343999999999
2025-08-06 04:05:00+00:00,76.93343999999999
2025-08-06 04:10:00+00:00,77.93244
2025-08-06 04:15:00+00:00,76.93343999999999
2025-08-06 04:20:00+00:00,77.93244
2025-08-06 04:25:00+00:00,76.93343999999999
2025-08-06 04:30:00+00:00,77.93244
2025-08-06 04:35:00+00:00,75.93426
2025-08-06 04:40:00+00:00,76.93343999999999
2025-08-06 04:45:00+00:00,76.93343999999999
2025-08-06 04:50:00+00:00,74.93508
2025-08-06 04:55:00+00:00,73.9359
2025-08-06 05:00:00+00:00,73.9359
2025-08-06 05:05:00+00:00,71.93772
2025-08-06 05:10:00+00:00,70.93854
2025-08-06 05:15:00+00:00,71.93772
2025-08-06 05:20:00+00:00,73.9359
2025-08-06 05:25:00+00:00,72.93690000000001
2025-08-06 05:30:00+00:00,73.9359
2025-08-06 05:35:00+00:00,74.93508
2025-08-06 05:40:00+00:00,74.93508
2025-08-06 05:45:00+00:00,74.93508
2025-08-06 05:50:00+00:00,73.9359
2025-08-06 05:55:00+00:00,73.9359
2025-08-06 06:00:00+00:00,73.9359
2025-08-06 06:05:00+00:00,73.9359
2025-08-06 06:10:00+00:00,75.93426
2025-08-06 06:15:00+00:00,75.93426
2025-08-06 06:20:00+00:00,73.9359
2025-08-06 06:25:00+00:00,74.93508
2025-08-06 06:30:00+00:00,72.93690000000001
2025-08-06 06:35:00+00:00,69.93936000000001
2025-08-06 06:40:00+00:00,73.9359
2025-08-06 06:45:00+00:00,72.93690000000001
2025-08-06 06:50:00+00:00,71.93772
2025-08-06 06:55:00+00:00,74.93508
2025-08-06 07:00:00+00:00,72.93690000000001
2025-08-06 07:05:00+00:00,71.93772
2025-08-06 07:10:00+00:00,72.93690000000001
2025-08-06 07:15:00+00:00,70.93854
2025-08-06 07:20:00+00:00,70.93854
2025-08-06 07:25:00+00:00,69.93936000000001
2025-08-06 07:30:00+00:00,69.93936000000001
2025-08-06 07:35:00+00:00,69.93936000000001
2025-08-06 07:40:00+00:00,70.93854
2025-08-06 07:45:00+00:00,68.94036
2025-08-06 07:50:00+00:00,67.94118
2025-08-06 07:55:00+00:00,69.93936000000001
2025-08-06 08:00:00+00:00,69.93936000000001
2025-08-06 08:05:00+00:00,68.94036
2025-08-06 08:10:00+00:00,68.94036
2025-08-06 08:15:00+00:00,70.93854
2025-08-06 08:20:00+00:00,70.93854
2025-08-06 08:25:00+00:00,70.93854
2025-08-06 08:30:00+00:00,71.93772
2025-08-06 08:35:00+00:00,68.94036
2025-08-06 08:40:00+00:00,67.94118
2025-08-06 08:45:00+00:00,67.94118
2025-08-06 08:50:00+00:00,66.942
2025-08-06 08:55:00+00:00,66.942
2025-08-06 09:00:00+00:00,65.94282
2025-08-06 09:05:00+00:00,67.94118
2025-08-06 09:10:00+00:00,66.942
2025-08-06 09:15:00+00:00,65.94282
2025-08-06 09:20:00+00:00,65.94282
2025-08-06 09:25:00+00:00,67.94118
2025-08-06 09:30:00+00:00,66.942
2025-08-06 09:35:00+00:00,68.94036
2025-08-06 09:40:00+00:00,71.93772
2025-08-06 09:45:00+00:00,68.94036
2025-08-06 09:50:00+00:00,68.94036
2025-08-06 09:55:00+00:00,69.93936000000001
2025-08-06 10:00:00+00:00,66.942
2025-08-06 10:05:00+00:00,67.94118
2025-08-06 10:10:00+00:00,69.93936000000001
2025-08-06 10:15:00+00:00,69.93936000000001
2025-08-06 10:20:00+00:00,69.93936000000001
2025-08-06 10:25:00+00:00,69.93936000000001
2025-08-06 10:30:00+00:00,70.93854
2025-08-06 10:35:00+00:00,70.93854
2025-08-06 10:40:00+00:00,69.93936000000001
2025-08-06 10:45:00+00:00,70.93854
2025-08-06 10:50:00+00:00,72.93690000000001
2025-08-06 10:55:00+00:00,73.9359
2025-08-06 11:00:00+00:00,71.93772
2025-08-06 11:05:00+00:00,72.93690000000001
2025-08-06 11:10:00+00:00,70.93854
2025-08-06 11:15:00+00:00,69.93936000000001
2025-08-06 11:20:00+00:00,70.93854
2025-08-06 11:25:00+00:00,71.93772
2025-08-06 11:30:00+00:00,72.93690000000001
2025-08-06 11:35:00+00:00,76.93343999999999
2025-08-06 11:40:00+00:00,77.93244
2025-08-06 11:45:00+00:00,77.93244
2025-08-06 11:50:00+00:00,79.9308
2025-08-06 11:55:00+00:00,78.93162
2025-08-06 12:00:00+00:00,78.93162
2025-08-06 12:05:00+00:00,76.93343999999999
2025-08-06 12:10:00+00:00,75.93426
2025-08-06 12:15:00+00:00,74.93508
2025-08-06 12:20:00+00:00,74.93508
2025-08-06 12:25:00+00:00,73.9359
2025-08-06 12:30:00+00:00,72.93690000000001
2025-08-06 12:35:00+00:00,75.93426
2025-08-06 12:40:00+00:00,74.93508
2025-08-06 12:45:00+00:00,73.9359
2025-08-06 12:50:00+00:00,78.93162
2025-08-06 12:55:00+00:00,80.92998
2025-08-06 13:00:00+00:00,81.92898
2025-08-06 13:05:00+00:00,81.92898
2025-08-06 13:10:00+00:00,80.92998
2025-08-06 13:15:00+00:00,82.92816
2025-08-06 13:20:00+00:00,81.92898
2025-08-06 13:25:00+00:00,78.93162
2025-08-06 13:30:00+00:00,81.92898
2025-08-06 13:35:00+00:00,82.92816
2025-08-06 13:40:00+00:00,84.92652
2025-08-06 13:45:00+00:00,89.92205999999999
2025-08-06 13:50:00+00:00,90.92124
2025-08-06 13:55:00+00:00,89.92205999999999
2025-08-06 14:00:00+00:00,87.92388
2025-08-06 14:05:00+00:00,84.92652
2025-08-06 14:10:00+00:00,87.92388
2025-08-06 14:15:00+00:00,89.92205999999999
2025-08-06 14:20:00+00:00,88.92306
2025-08-06 14:25:00+00:00,89.92205999999999
2025-08-06 14:30:00+00:00,90.92124
2025-08-06 14:35:00+00:00,87.92388
2025-08-06 14:40:00+00:00,85.92552
2025-08-06 14:45:00+00:00,85.92552
2025-08-06 14:50:00+00:00,85.92552
2025-08-06 14:55:00+00:00,86.9247
2025-08-06 15:00:00+00:00,86.9247
2025-08-06 15:05:00+00:00,87.92388
2025-08-06 15:10:00+00:00,86.9247
2025-08-06 15:15:00+00:00,85.92552
2025-08-06 15:20:00+00:00,84.92652
2025-08-06 15:25:00+00:00,82.92816
2025-08-06 15:30:00+00:00,81.92898
2025-08-06 15:35:00+00:00,79.9308
2025-08-06 15:40:00+00:00,78.93162
2025-08-06 15:45:00+00:00,77.93244
2025-08-06 15:50:00+00:00,77.93244
2025-08-06 15:55:00+00:00,77.93244
2025-08-06 16:00:00+00:00,77.93244
2025-08-06 16:05:00+00:00,78.93162
2025-08-06 16:10:00+00:00,80.92998
2025-08-06 16:15:00+00:00,80.92998
2025-08-06 16:20:00+00:00,78.93162
2025-08-06 16:25:00+00:00,76.93343999999999
2025-08-06 16:30:00+00:00,76.93343999999999
2025-08-06 16:35:00+00:00,74.93508
2025-08-06 16:40:00+00:00,74.93508
2025-08-06 16:45:00+00:00,75.93426
2025-08-06 16:50:00+00:00,75.93426
2025-08-06 16:55:00+00:00,77.93244
2025-08-06 17:00:00+00:00,80.92998
2025-08-06 17:05:00+00:00,83.92734
2025-08-06 17:10:00+00:00,87.92388
2025-08-06 17:15:00+00:00,90.92124
2025-08-06 17:20:00+00:00,95.91695999999999
2025-08-06 17:25:00+00:00,99.9135
2025-08-06 17:30:00+00:00,101.91168
2025-08-06 17:35:00+00:00,102.91086
2025-08-06 17:40:00+00:00,104.90922
2025-08-06 17:45:00+00:00,106.90740000000001
2025-08-06 17:50:00+00:00,103.91004
2025-08-06 17:55:00+00:00,99.9135
2025-08-06 18:00:00+00:00,95.91695999999999
2025-08-06 18:05:00+00:00,88.92306
2025-08-06 18:10:00+00:00,81.92898
2025-08-06 18:15:00+00:00,78.93162
2025-08-06 18:20:00+00:00,74.93508
2025-08-06 18:25:00+00:00,74.93508
2025-08-06 18:30:00+00:00,75.93426
2025-08-06 18:35:00+00:00,76.93343999999999
2025-08-06 18:40:00+00:00,78.93162
2025-08-06 18:45:00+00:00,79.9308
2025-08-06 18:50:00+00:00,80.92998
2025-08-06 18:55:00+00:00,81.92898
2025-08-06 19:00:00+00:00,81.92898
2025-08-06 19:05:00+00:00,82.92816
2025-08-06 19:10:00+00:00,82.92816
2025-08-06 19:15:00+00:00,82.92816
2025-08-06 19:20:00+00:00,82.92816
2025-08-06 19:25:00+00:00,82.92816
2025-08-06 19:30:00+00:00,81.92898
2025-08-06 19:35:00+00:00,81.92898
2025-08-06 19:40:00+00:00,80.92998
2025-08-06 19:45:00+00:00,80.92998
2025-08-06 19:50:00+00:00,79.9308
2025-08-06 19:55:00+00:00,78.93162
2025-08-06 20:00:00+00:00,78.93162
2025-08-06 20:05:00+00:00,79.9308
2025-08-06 20:10:00+00:00,79.9308
2025-08-06 20:15:00+00:00,81.92898
2025-08-06 20:20:00+00:00,81.92898
2025-08-06 20:25:00+00:00,83.92734
2025-08-06 20:30:00+00:00,84.92652
2025-08-06 20:35:00+00:00,83.92734
2025-08-06 20:40:00+00:00,83.92734
2025-08-06 20:45:00+00:00,85.92552
2025-08-06 20:50:00+00:00,83.92734
2025-08-06 20:55:00+00:00,82.92816
2025-08-06 21:00:00+00:00,82.92816
2025-08-06 21:05:00+00:00,83.92734
2025-08-06 21:10:00+00:00,82.92816
2025-08-06 21:15:00+00:00,81.92898
2025-08-06 21:20:00+00:00,81.92898
2025-08-06 21:25:00+00:00,80.92998
2025-08-06 21:30:00+00:00,79.9308
2025-08-06 21:35:00+00:00,81.92898
2025-08-06 21:40:00+00:00,80.92998
2025-08-06 21:45:00+00:00,82.92816
2025-08-06 21:50:00+00:00,85.92552
2025-08-06 21:55:00+00:00,86.9247
2025-08-06 22:00:00+00:00,89.92205999999999
2025-08-06 22:05:00+00:00,92.9196
2025-08-06 22:10:00+00:00,92.9196
2025-08-06 22:15:00+00:00,95.91695999999999
2025-08-06 22:20:00+00:00,97.91514
2025-08-06 22:25:00+00:00,100.91268
2025-08-06 22:30:00+00:00,104.90922
2025-08-06 22:35:00+00:00,104.90922
2025-08-06 22:40:00+00:00,113.90129999999999
2025-08-06 22:45:00+00:00,119.8962
2025-08-06 22:50:00+00:00,123.89274
2025-08-06 22:55:00+00:00,130.88664
2025-08-06 23:00:00+00:00,132.885
2025-08-06 23:05:00+00:00,132.885
2025-08-06 23:10:00+00:00,133.884
2025-08-06 23:15:00+00:00,131.88582
2025-08-06 23:20:00+00:00,131.88582
2025-08-06 23:25:00+00:00,131.88582
2025-08-06 23:30:00+00:00,132.885
2025-08-06 23:35:00+00:00,138.87972
2025-08-06 23:40:00+00:00,134.88317999999998
2025-08-06 23:45:00+00:00,129.88746
2025-08-06 23:50:00+00:00,127.88928
2025-08-06 23:55:00+00:00,123.89274
2025-08-07 00:00:00+00:00,119.8962
2025-08-07 00:05:00+00:00,119.8962
2025-08-07 00:10:00+00:00,116.89883999999999
2025-08-07 00:15:00+00:00,112.90230000000001
2025-08-07 00:20:00+00:00,108.90576
2025-08-07 00:25:00+00:00,100.91268
2025-08-07 00:30:00+00:00,97.91514
2025-08-07 00:35:00+00:00,89.92205999999999
2025-08-07 00:40:00+00:00,82.92816
2025-08-07 00:45:00+00:00,84.92652
2025-08-07 00:50:00+00:00,80.92998
2025-08-07 00:55:00+00:00,79.9308
2025-08-07 01:00:00+00:00,85.92552
2025-08-07 01:05:00+00:00,87.92388
2025-08-07 01:10:00+00:00,87.92388
2025-08-07 01:15:00+00:00,92.9196
2025-08-07 01:20:00+00:00,96.91614
2025-08-07 01:25:00+00:00,93.9186
2025-08-07 01:30:00+00:00,95.91695999999999
2025-08-07 01:35:00+00:00,95.91695999999999
2025-08-07 01:40:00+00:00,95.91695999999999
2025-08-07 01:45:00+00:00,92.9196
2025-08-07 01:50:00+00:00,89.92205999999999
2025-08-07 01:55:00+00:00,88.92306
2025-08-07 02:00:00+00:00,82.92816
2025-08-07 02:05:00+00:00,74.93508
2025-08-07 02:10:00+00:00,70.93854
2025-08-07 02:15:00+00:00,69.93936000000001
2025-08-07 02:20:00+00:00,66.942
2025-08-07 02:25:00+00:00,63.94464
2025-08-07 02:30:00+00:00,65.94282
2025-08-07 02:35:00+00:00,66.942
2025-08-07 02:40:00+00:00,64.94382
2025-08-07 02:45:00+00:00,63.94464
2025-08-07 02:50:00+00:00,65.94282
2025-08-07 02:55:00+00:00,68.94036
2025-08-07 03:00:00+00:00,69.93936000000001
2025-08-07 03:05:00+00:00,69.93936000000001
2025-08-07 03:10:00+00:00,70.93854
2025-08-07 03:15:00+00:00,70.93854
2025-08-07 03:20:00+00:00,70.93854
2025-08-07 03:25:00+00:00,71.93772
2025-08-07 03:30:00+00:00,69.93936000000001
2025-08-07 03:35:00+00:00,69.93936000000001
2025-08-07 03:40:00+00:00,70.93854
2025-08-07 03:45:00+00:00,69.93936000000001
2025-08-07 03:50:00+00:00,69.93936000000001
2025-08-07 03:55:00+00:00,68.94036
2025-08-07 04:00:00+00:00,68.94036
2025-08-07 04:05:00+00:00,68.94036
2025-08-07 04:10:00+00:00,68.94036
2025-08-07 04:15:00+00:00,67.94118
2025-08-07 04:20:00+00:00,67.94118
2025-08-07 04:25:00+00:00,67.94118
2025-08-07 04:30:00+00:00,67.94118
2025-08-07 04:35:00+00:00,67.94118
2025-08-07 04:40:00+00:00,66.942
2025-08-07 04:45:00+00:00,66.942
2025-08-07 04:50:00+00:00,66.942
2025-08-07 04:55:00+00:00,66.942
2025-08-07 05:00:00+00:00,65.94282
2025-08-07 05:05:00+00:00,65.94282
2025-08-07 05:10:00+00:00,66.942
2025-08-07 05:15:00+00:00,66.942
2025-08-07 05:20:00+00:00,66.942
2025-08-07 05:25:00+00:00,66.942
2025-08-07 05:30:00+00:00,66.942
2025-08-07 05:35:00+00:00,66.942
2025-08-07 05:40:00+00:00,66.942
2025-08-07 05:45:00+00:00,67.94118
2025-08-07 05:50:00+00:00,67.94118
2025-08-07 05:55:00+00:00,67.94118
2025-08-07 06:00:00+00:00,66.942
2025-08-07 06:05:00+00:00,67.94118
2025-08-07 06:10:00+00:00,67.94118
2025-08-07 06:15:00+00:00,65.94282
2025-08-07 06:20:00+00:00,67.94118
2025-08-07 06:25:00+00:00,67.94118
2025-08-07 06:30:00+00:00,65.94282
2025-08-07 06:35:00+00:00,66.942
2025-08-07 06:40:00+00:00,66.942
2025-08-07 06:45:00+00:00,64.94382
2025-08-07 06:50:00+00:00,63.94464
2025-08-07 06:55:00+00:00,65.94282
2025-08-07 07:00:00+00:00,65.94282
2025-08-07 07:05:00+00:00,64.94382
2025-08-07 07:10:00+00:00,65.94282
2025-08-07 07:15:00+00:00,66.942
2025-08-07 07:20:00+00:00,66.942
2025-08-07 07:25:00+00:00,66.942
2025-08-07 07:30:00+00:00,65.94282
2025-08-07 07:35:00+00:00,66.942
2025-08-07 07:40:00+00:00,67.94118
2025-08-07 07:45:00+00:00,68.94036
2025-08-07 07:50:00+00:00,66.942
2025-08-07 07:55:00+00:00,67.94118
2025-08-07 08:00:00+00:00,68.94036
2025-08-07 08:05:00+00:00,66.942
2025-08-07 08:10:00+00:00,65.94282
2025-08-07 08:15:00+00:00,64.94382
2025-08-07 08:20:00+00:00,64.94382
2025-08-07 08:25:00+00:00,64.94382
2025-08-07 08:30:00+00:00,64.94382
2025-08-07 08:35:00+00:00,64.94382
2025-08-07 08:40:00+00:00,64.94382
2025-08-07 08:45:00+00:00,65.94282
2025-08-07 08:50:00+00:00,65.94282
2025-08-07 08:55:00+00:00,65.94282
2025-08-07 09:00:00+00:00,65.94282
2025-08-07 09:05:00+00:00,66.942
2025-08-07 09:10:00+00:00,67.94118
2025-08-07 09:15:00+00:00,66.942
2025-08-07 09:20:00+00:00,67.94118
2025-08-07 09:25:00+00:00,67.94118
2025-08-07 09:30:00+00:00,65.94282
2025-08-07 09:35:00+00:00,66.942
2025-08-07 09:40:00+00:00,68.94036
2025-08-07 09:45:00+00:00,66.942
2025-08-07 09:50:00+00:00,66.942
2025-08-07 09:55:00+00:00,66.942
2025-08-07 10:00:00+00:00,66.942
2025-08-07 10:05:00+00:00,66.942
2025-08-07 10:10:00+00:00,68.94036
2025-08-07 10:15:00+00:00,68.94036
2025-08-07 10:20:00+00:00,70.93854
2025-08-07 10:25:00+00:00,73.9359
2025-08-07 10:30:00+00:00,75.93426
2025-08-07 10:35:00+00:00,77.93244
2025-08-07 10:40:00+00:00,79.9308
2025-08-07 10:45:00+00:00,83.92734
2025-08-07 10:50:00+00:00,83.92734
2025-08-07 10:55:00+00:00,83.92734
2025-08-07 11:00:00+00:00,86.9247
2025-08-07 11:05:00+00:00,86.9247
2025-08-07 11:10:00+00:00,87.92388
2025-08-07 11:15:00+00:00,86.9247
2025-08-07 11:20:00+00:00,85.92552
2025-08-07 11:25:00+00:00,85.92552
2025-08-07 11:30:00+00:00,82.92816
2025-08-07 11:35:00+00:00,85.92552
2025-08-07 11:40:00+00:00,83.92734
2025-08-07 11:45:00+00:00,81.92898
2025-08-07 11:50:00+00:00,79.9308
2025-08-07 11:55:00+00:00,75.93426
2025-08-07 12:00:00+00:00,74.93508
2025-08-07 12:05:00+00:00,77.93244
2025-08-07 12:10:00+00:00,76.93343999999999
2025-08-07 12:15:00+00:00,77.93244
2025-08-07 12:20:00+00:00,77.93244
2025-08-07 12:25:00+00:00,78.93162
2025-08-07 12:30:00+00:00,77.93244
2025-08-07 12:35:00+00:00,75.93426
2025-08-07 12:40:00+00:00,76.93343999999999
2025-08-07 12:45:00+00:00,75.93426
2025-08-07 12:50:00+00:00,74.93508
2025-08-07 12:55:00+00:00,76.93343999999999
2025-08-07 13:00:00+00:00,75.93426
2025-08-07 13:05:00+00:00,76.93343999999999
2025-08-07 13:10:00+00:00,77.93244
2025-08-07 13:15:00+00:00,79.9308
2025-08-07 13:20:00+00:00,80.92998
2025-08-07 13:25:00+00:00,78.93162
2025-08-07 13:30:00+00:00,78.93162
2025-08-07 13:35:00+00:00,76.93343999999999
2025-08-07 13:40:00+00:00,74.93508
2025-08-07 13:45:00+00:00,73.9359
2025-08-07 13:50:00+00:00,72.93690000000001
2025-08-07 13:55:00+00:00,71.93772
2025-08-07 14:00:00+00:00,73.9359
2025-08-07 14:05:00+00:00,74.93508
2025-08-07 14:10:00+00:00,75.93426
2025-08-07 14:15:00+00:00,82.92816
2025-08-07 14:20:00+00:00,89.92205999999999
2025-08-07 14:25:00+00:00,94.91778
2025-08-07 14:30:00+00:00,99.9135
2025-08-07 14:35:00+00:00,103.91004
2025-08-07 14:40:00+00:00,105.90822
2025-08-07 14:45:00+00:00,102.91086
2025-08-07 14:50:00+00:00,100.91268
2025-08-07 14:55:00+00:00,97.91514
2025-08-07 15:00:00+00:00,94.91778
2025-08-07 15:05:00+00:00,92.9196
2025-08-07 15:10:00+00:00,91.92042000000001
2025-08-07 15:15:00+00:00,91.92042000000001
2025-08-07 15:20:00+00:00,91.92042000000001
2025-08-07 15:25:00+00:00,90.92124
2025-08-07 15:30:00+00:00,89.92205999999999
2025-08-07 15:35:00+00:00,89.92205999999999
2025-08-07 15:40:00+00:00,91.92042000000001
2025-08-07 15:45:00+00:00,93.9186
2025-08-07 15:50:00+00:00,99.9135
2025-08-07 15:55:00+00:00,106.90740000000001
2025-08-07 16:00:00+00:00,109.90476
2025-08-07 16:05:00+00:00,110.90394
2025-08-07 16:10:00+00:00,112.90230000000001
2025-08-07 16:15:00+00:00,112.90230000000001
2025-08-07 16:20:00+00:00,107.90658
2025-08-07 16:25:00+00:00,101.91168
2025-08-07 16:30:00+00:00,95.91695999999999
2025-08-07 16:35:00+00:00,87.92388
2025-08-07 16:40:00+00:00,79.9308
2025-08-07 16:45:00+00:00,75.93426
2025-08-07 16:50:00+00:00,73.9359
2025-08-07 16:55:00+00:00,70.93854
2025-08-07 17:00:00+00:00,70.93854
2025-08-07 17:05:00+00:00,72.93690000000001
2025-08-07 17:10:00+00:00,73.9359
2025-08-07 17:15:00+00:00,77.93244
2025-08-07 17:20:00+00:00,84.92652
2025-08-07 17:25:00+00:00,91.92042000000001
2025-08-07 17:30:00+00:00,96.91614
2025-08-07 17:35:00+00:00,100.91268
2025-08-07 17:40:00+00:00,103.91004
2025-08-07 17:45:00+00:00,103.91004
2025-08-07 17:50:00+00:00,98.91432
2025-08-07 17:55:00+00:00,97.91514
2025-08-07 18:00:00+00:00,97.91514
2025-08-07 18:05:00+00:00,91.92042000000001
2025-08-07 18:10:00+00:00,86.9247
2025-08-07 18:15:00+00:00,83.92734
2025-08-07 18:20:00+00:00,80.92998
2025-08-07 18:25:00+00:00,76.93343999999999
2025-08-07 18:30:00+00:00,75.93426
2025-08-07 18:35:00+00:00,74.93508
2025-08-07 18:40:00+00:00,73.9359
2025-08-07 18:45:00+00:00,74.93508
2025-08-07 18:50:00+00:00,76.93343999999999
2025-08-07 18:55:00+00:00,77.93244
2025-08-07 19:00:00+00:00,78.93162
2025-08-07 19:05:00+00:00,79.9308
2025-08-07 19:10:00+00:00,81.92898
2025-08-07 19:15:00+00:00,84.92652
2025-08-07 19:20:00+00:00,88.92306
2025-08-07 19:25:00+00:00,94.91778
2025-08-07 19:30:00+00:00,101.91168
2025-08-07 19:35:00+00:00,107.90658
2025-08-07 19:40:00+00:00,117.89784
2025-08-07 19:45:00+00:00,127.88928
2025-08-07 19:50:00+00:00,126.8901
2025-08-07 19:55:00+00:00,128.88846
2025-08-07 20:00:00+00:00,128.88846
2025-08-07 20:05:00+00:00,124.89192
2025-08-07 20:10:00+00:00,120.89537999999999
2025-08-07 20:15:00+00:00,117.89784
2025-08-07 20:20:00+00:00,118.89702
2025-08-07 20:25:00+00:00,116.89883999999999
2025-08-07 20:30:00+00:00,114.90047999999999
2025-08-07 20:35:00+00:00,115.89966
2025-08-07 20:40:00+00:00,115.89966
2025-08-07 20:45:00+00:00,117.89784
2025-08-07 20:50:00+00:00,116.89883999999999
2025-08-07 20:55:00+00:00,116.89883999999999
2025-08-07 21:00:00+00:00,117.89784
2025-08-07 21:05:00+00:00,114.90047999999999
2025-08-07 21:10:00+00:00,108.90576
2025-08-07 21:15:00+00:00,105.90822
2025-08-07 21:20:00+00:00,97.91514
2025-08-07 21:25:00+00:00,91.92042000000001
2025-08-07 21:30:00+00:00,90.92124
2025-08-07 21:35:00+00:00,91.92042000000001
2025-08-07 21:40:00+00:00,92.9196
2025-08-07 21:45:00+00:00,93.9186
2025-08-07 21:50:00+00:00,93.9186
2025-08-07 21:55:00+00:00,96.91614
2025-08-07 22:00:00+00:00,95.91695999999999
2025-08-07 22:05:00+00:00,93.9186
2025-08-07 22:10:00+00:00,91.92042000000001
2025-08-07 22:15:00+00:00,90.92124
2025-08-07 22:20:00+00:00,89.92205999999999
2025-08-07 22:25:00+00:00,88.92306
2025-08-07 22:30:00+00:00,89.92205999999999
2025-08-07 22:35:00+00:00,90.92124
2025-08-07 22:40:00+00:00,88.92306
2025-08-07 22:45:00+00:00,87.92388
2025-08-07 22:50:00+00:00,87.92388
2025-08-07 22:55:00+00:00,85.92552
2025-08-07 23:00:00+00:00,85.92552
2025-08-07 23:05:00+00:00,86.9247
2025-08-07 23:10:00+00:00,86.9247
2025-08-07 23:15:00+00:00,86.9247
2025-08-07 23:20:00+00:00,88.92306
2025-08-07 23:25:00+00:00,90.92124
2025-08-07 23:30:00+00:00,89.92205999999999
2025-08-07 23:35:00+00:00,90.92124
2025-08-07 23:40:00+00:00,90.92124
2025-08-07 23:45:00+00:00,89.92205999999999
2025-08-07 23:50:00+00:00,89.92205999999999
2025-08-07 23:55:00+00:00,88.92306
2025-08-08 00:00:00+00:00,87.92388
2025-08-08 00:05:00+00:00,87.92388
2025-08-08 00:10:00+00:00,87.92388
2025-08-08 00:15:00+00:00,86.9247
2025-08-08 00:20:00+00:00,86.9247
2025-08-08 00:25:00+00:00,87.92388
2025-08-08 00:30:00+00:00,86.9247
2025-08-08 00:35:00+00:00,85.92552
2025-08-08 00:40:00+00:00,86.9247
2025-08-08 00:45:00+00:00,86.9247
2025-08-08 00:50:00+00:00,84.92652
2025-08-08 00:55:00+00:00,83.92734
2025-08-08 01:00:00+00:00,82.92816
2025-08-08 01:05:00+00:00,83.92734
2025-08-08 01:10:00+00:00,83.92734
2025-08-08 01:15:00+00:00,82.92816
2025-08-08 01:20:00+00:00,84.92652
2025-08-08 01:25:00+00:00,85.92552
2025-08-08 01:30:00+00:00,86.9247
2025-08-08 01:35:00+00:00,86.9247
2025-08-08 01:40:00+00:00,87.92388
2025-08-08 01:45:00+00:00,87.92388
2025-08-08 01:50:00+00:00,85.92552
2025-08-08 01:55:00+00:00,84.92652
2025-08-08 02:00:00+00:00,82.92816
2025-08-08 02:05:00+00:00,80.92998
2025-08-08 02:10:00+00:00,80.92998
2025-08-08 02:15:00+00:00,80.92998
2025-08-08 02:20:00+00:00,80.92998
2025-08-08 02:25:00+00:00,80.92998
2025-08-08 02:30:00+00:00,80.92998
2025-08-08 02:35:00+00:00,79.9308
2025-08-08 02:40:00+00:00,77.93244
2025-08-08 02:45:00+00:00,78.93162
2025-08-08 02:50:00+00:00,79.9308
2025-08-08 02:55:00+00:00,78.93162
2025-08-08 03:00:00+00:00,80.92998
2025-08-08 03:05:00+00:00,82.92816
2025-08-08 03:10:00+00:00,82.92816
2025-08-08 03:15:00+00:00,84.92652
2025-08-08 03:20:00+00:00,84.92652
2025-08-08 03:25:00+00:00,85.92552
2025-08-08 03:30:00+00:00,88.92306
2025-08-08 03:35:00+00:00,95.91695999999999
2025-08-08 03:40:00+00:00,106.90740000000001
2025-08-08 03:45:00+00:00,120.89537999999999
2025-08-08 03:50:00+00:00,136.88154
2025-08-08 03:55:00+00:00,154.86588
2025-08-08 04:00:00+00:00,168.85386
2025-08-08 04:05:00+00:00,177.84594
2025-08-08 04:10:00+00:00,183.84120000000001
2025-08-08 04:15:00+00:00,180.8442
2025-08-08 04:20:00+00:00,163.85814
2025-08-08 04:25:00+00:00,157.86324
2025-08-08 04:30:00+00:00,152.86769999999999
2025-08-08 04:35:00+00:00,145.87362
2025-08-08 04:40:00+00:00,137.88054
2025-08-08 04:45:00+00:00,134.88317999999998
2025-08-08 04:50:00+00:00,135.88236
2025-08-08 04:55:00+00:00,131.88582
2025-08-08 05:00:00+00:00,127.88928
2025-08-08 05:05:00+00:00,124.89192
2025-08-08 05:10:00+00:00,122.89356000000001
2025-08-08 05:15:00+00:00,120.89537999999999
2025-08-08 05:20:00+00:00,117.89784
2025-08-08 05:25:00+00:00,115.89966
2025-08-08 05:30:00+00:00,114.90047999999999
2025-08-08 05:35:00+00:00,113.90129999999999
2025-08-08 05:40:00+00:00,113.90129999999999
2025-08-08 05:45:00+00:00,112.90230000000001
2025-08-08 05:50:00+00:00,111.90312
2025-08-08 05:55:00+00:00,114.90047999999999
2025-08-08 06:00:00+00:00,109.90476
2025-08-08 06:05:00+00:00,106.90740000000001
2025-08-08 06:10:00+00:00,106.90740000000001
2025-08-08 06:15:00+00:00,100.91268
2025-08-08 06:20:00+00:00,97.91514
2025-08-08 06:25:00+00:00,95.91695999999999
2025-08-08 06:30:00+00:00,91.92042000000001
2025-08-08 06:35:00+00:00,87.92388
2025-08-08 06:40:00+00:00,80.92998
2025-08-08 06:45:00+00:00,75.93426
2025-08-08 06:50:00+00:00,73.9359
2025-08-08 06:55:00+00:00,71.93772
2025-08-08 07:00:00+00:00,69.93936000000001
2025-08-08 07:05:00+00:00,69.93936000000001
2025-08-08 07:10:00+00:00,69.93936000000001
2025-08-08 07:15:00+00:00,71.93772
2025-08-08 07:20:00+00:00,70.93854
2025-08-08 07:25:00+00:00,70.93854
2025-08-08 07:30:00+00:00,75.93426
2025-08-08 07:35:00+00:00,75.93426
2025-08-08 07:40:00+00:00,75.93426
2025-08-08 07:45:00+00:00,74.93508
2025-08-08 07:50:00+00:00,73.9359
2025-08-08 07:55:00+00:00,73.9359
2025-08-08 08:00:00+00:00,75.93426
2025-08-08 08:05:00+00:00,77.93244
2025-08-08 08:10:00+00:00,77.93244
2025-08-08 08:15:00+00:00,80.92998
2025-08-08 08:20:00+00:00,79.9308
2025-08-08 08:25:00+00:00,77.93244
2025-08-08 08:30:00+00:00,77.93244
2025-08-08 08:35:00+00:00,75.93426
2025-08-08 08:40:00+00:00,74.93508
2025-08-08 08:45:00+00:00,74.93508
2025-08-08 08:50:00+00:00,73.9359
2025-08-08 08:55:00+00:00,73.9359
2025-08-08 09:00:00+00:00,73.9359
2025-08-08 09:05:00+00:00,74.93508
2025-08-08 09:10:00+00:00,72.93690000000001
2025-08-08 09:15:00+00:00,71.93772
2025-08-08 09:20:00+00:00,73.9359
2025-08-08 09:25:00+00:00,72.93690000000001
2025-08-08 09:30:00+00:00,70.93854
2025-08-08 09:35:00+00:00,73.9359
2025-08-08 09:40:00+00:00,73.9359
2025-08-08 09:45:00+00:00,72.93690000000001
2025-08-08 09:50:00+00:00,74.93508
2025-08-08 09:55:00+00:00,74.93508
2025-08-08 10:00:00+00:00,73.9359
2025-08-08 10:05:00+00:00,72.93690000000001
2025-08-08 10:10:00+00:00,71.93772
2025-08-08 10:15:00+00:00,71.93772
2025-08-08 10:20:00+00:00,70.93854
2025-08-08 10:25:00+00:00,68.94036
2025-08-08 10:30:00+00:00,68.94036
2025-08-08 10:35:00+00:00,67.94118
2025-08-08 10:40:00+00:00,68.94036
2025-08-08 10:45:00+00:00,68.94036
2025-08-08 10:50:00+00:00,69.93936000000001
2025-08-08 10:55:00+00:00,70.93854
2025-08-08 11:00:00+00:00,70.93854
2025-08-08 11:05:00+00:00,71.93772
2025-08-08 11:10:00+00:00,72.93690000000001
2025-08-08 11:15:00+00:00,74.93508
2025-08-08 11:20:00+00:00,76.93343999999999
2025-08-08 11:25:00+00:00,77.93244
2025-08-08 11:30:00+00:00,80.92998
2025-08-08 11:35:00+00:00,79.9308
2025-08-08 11:40:00+00:00,79.9308
2025-08-08 11:45:00+00:00,81.92898
2025-08-08 11:50:00+00:00,80.92998
2025-08-08 11:55:00+00:00,80.92998
2025-08-08 12:00:00+00:00,81.92898
2025-08-08 12:05:00+00:00,81.92898
2025-08-08 12:10:00+00:00,84.92652
2025-08-08 12:15:00+00:00,86.9247
2025-08-08 12:20:00+00:00,88.92306
2025-08-08 12:25:00+00:00,91.92042000000001
2025-08-08 12:30:00+00:00,92.9196
2025-08-08 12:35:00+00:00,91.92042000000001
2025-08-08 12:40:00+00:00,89.92205999999999
2025-08-08 12:45:00+00:00,87.92388
2025-08-08 12:50:00+00:00,84.92652
2025-08-08 12:55:00+00:00,81.92898
2025-08-08 13:00:00+00:00,77.93244
2025-08-08 13:05:00+00:00,75.93426
2025-08-08 13:10:00+00:00,75.93426
2025-08-08 13:15:00+00:00,75.93426
2025-08-08 13:20:00+00:00,77.93244
2025-08-08 13:25:00+00:00,78.93162
2025-08-08 13:30:00+00:00,80.92998
2025-08-08 13:35:00+00:00,83.92734
2025-08-08 13:40:00+00:00,82.92816
2025-08-08 13:45:00+00:00,83.92734
2025-08-08 13:50:00+00:00,83.92734
2025-08-08 13:55:00+00:00,85.92552
2025-08-08 14:00:00+00:00,86.9247
2025-08-08 14:05:00+00:00,87.92388
2025-08-08 14:10:00+00:00,88.92306
2025-08-08 14:15:00+00:00,87.92388
2025-08-08 14:20:00+00:00,88.92306
2025-08-08 14:25:00+00:00,91.92042000000001
2025-08-08 14:30:00+00:00,89.92205999999999
2025-08-08 14:35:00+00:00,90.92124
2025-08-08 14:40:00+00:00,92.9196
2025-08-08 14:45:00+00:00,89.92205999999999
2025-08-08 14:50:00+00:00,87.92388
2025-08-08 14:55:00+00:00,89.92205999999999
2025-08-08 15:00:00+00:00,86.9247
2025-08-08 15:05:00+00:00,84.92652
2025-08-08 15:10:00+00:00,84.92652
2025-08-08 15:15:00+00:00,81.92898
2025-08-08 15:20:00+00:00,79.9308
2025-08-08 15:25:00+00:00,77.93244
2025-08-08 15:30:00+00:00,80.92998
2025-08-08 15:35:00+00:00,77.93244
2025-08-08 15:40:00+00:00,75.93426
2025-08-08 15:45:00+00:00,79.9308
2025-08-08 15:50:00+00:00,75.93426
2025-08-08 15:55:00+00:00,73.9359
2025-08-08 16:00:00+00:00,77.93244
2025-08-08 16:05:00+00:00,77.93244
2025-08-08 16:10:00+00:00,78.93162
2025-08-08 16:15:00+00:00,79.9308
2025-08-08 16:20:00+00:00,82.92816
2025-08-08 16:25:00+00:00,85.92552
2025-08-08 16:30:00+00:00,83.92734
2025-08-08 16:35:00+00:00,83.92734
2025-08-08 16:40:00+00:00,84.92652
2025-08-08 16:45:00+00:00,83.92734
2025-08-08 16:50:00+00:00,84.92652
2025-08-08 16:55:00+00:00,85.92552
2025-08-08 17:00:00+00:00,88.92306
2025-08-08 17:05:00+00:00,95.91695999999999
2025-08-08 17:10:00+00:00,103.91004
2025-08-08 17:15:00+00:00,113.90129999999999
2025-08-08 17:20:00+00:00,121.89438
2025-08-08 17:25:00+00:00,130.88664
2025-08-08 17:30:00+00:00,142.87626
2025-08-08 17:35:00+00:00,146.87279999999998
2025-08-08 17:40:00+00:00,150.86934
2025-08-08 17:45:00+00:00,152.86769999999999
2025-08-08 17:50:00+00:00,150.86934
2025-08-08 17:55:00+00:00,145.87362
2025-08-08 18:00:00+00:00,135.88236
2025-08-08 18:05:00+00:00,129.88746
2025-08-08 18:10:00+00:00,123.89274
2025-08-08 18:15:00+00:00,119.8962
2025-08-08 18:20:00+00:00,115.89966
2025-08-08 18:25:00+00:00,106.90740000000001
2025-08-08 18:30:00+00:00,108.90576
2025-08-08 18:35:00+00:00,104.90922
2025-08-08 18:40:00+00:00,99.9135
2025-08-08 18:45:00+00:00,98.91432
2025-08-08 18:50:00+00:00,95.91695999999999
2025-08-08 18:55:00+00:00,91.92042000000001
2025-08-08 19:00:00+00:00,85.92552
2025-08-08 19:05:00+00:00,82.92816
2025-08-08 19:10:00+00:00,79.9308
2025-08-08 19:15:00+00:00,76.93343999999999
2025-08-08 19:20:00+00:00,74.93508
2025-08-08 19:25:00+00:00,74.93508
2025-08-08 19:30:00+00:00,73.9359
2025-08-08 19:35:00+00:00,75.93426
2025-08-08 19:40:00+00:00,77.93244
2025-08-08 19:45:00+00:00,75.93426
2025-08-08 19:50:00+00:00,80.92998
2025-08-08 19:55:00+00:00,81.92898
2025-08-08 20:00:00+00:00,81.92898
2025-08-08 20:05:00+00:00,86.9247
2025-08-08 20:10:00+00:00,89.92205999999999
2025-08-08 20:15:00+00:00,92.9196
2025-08-08 20:20:00+00:00,94.91778
2025-08-08 20:25:00+00:00,97.91514
2025-08-08 20:30:00+00:00,98.91432
2025-08-08 20:35:00+00:00,96.91614
2025-08-08 20:40:00+00:00,95.91695999999999
2025-08-08 20:45:00+00:00,93.9186
2025-08-08 20:50:00+00:00,92.9196
2025-08-08 20:55:00+00:00,90.92124
2025-08-08 21:00:00+00:00,89.92205999999999
2025-08-08 21:05:00+00:00,88.92306
2025-08-08 21:10:00+00:00,87.92388
2025-08-08 21:15:00+00:00,86.9247
2025-08-08 21:20:00+00:00,85.92552
2025-08-08 21:25:00+00:00,84.92652
2025-08-08 21:30:00+00:00,83.92734
2025-08-08 21:35:00+00:00,83.92734
2025-08-08 21:40:00+00:00,84.92652
2025-08-08 21:45:00+00:00,86.9247
2025-08-08 21:50:00+00:00,87.92388
2025-08-08 21:55:00+00:00,86.9247
2025-08-08 22:00:00+00:00,86.9247
2025-08-08 22:05:00+00:00,83.92734
2025-08-08 22:10:00+00:00,81.92898
2025-08-08 22:15:00+00:00,81.92898
2025-08-08 22:20:00+00:00,79.9308
2025-08-08 22:25:00+00:00,77.93244
2025-08-08 22:30:00+00:00,78.93162
2025-08-08 22:35:00+00:00,77.93244
2025-08-08 22:40:00+00:00,77.93244
2025-08-08 22:45:00+00:00,78.93162
2025-08-08 22:50:00+00:00,80.92998
2025-08-08 22:55:00+00:00,84.92652
2025-08-08 23:00:00+00:00,89.92205999999999
2025-08-08 23:05:00+00:00,95.91695999999999
2025-08-08 23:10:00+00:00,107.90658
2025-08-08 23:15:00+00:00,120.89537999999999
2025-08-08 23:20:00+00:00,131.88582
2025-08-08 23:25:00+00:00,150.86934
2025-08-08 23:30:00+00:00,163.85814
2025-08-08 23:35:00+00:00,174.84858
2025-08-08 23:40:00+00:00,185.8392
2025-08-08 23:45:00+00:00,184.8402
2025-08-08 23:50:00+00:00,181.8432
2025-08-08 23:55:00+00:00,177.84594
2025-08-09 00:00:00+00:00,174.84858
2025-08-09 00:05:00+00:00,161.85978
2025-08-09 00:10:00+00:00,142.87626
2025-08-09 00:15:00+00:00,130.88664
2025-08-09 00:20:00+00:00,118.89702
2025-08-09 00:25:00+00:00,103.91004
2025-08-09 00:30:00+00:00,92.9196
2025-08-09 00:35:00+00:00,87.92388
2025-08-09 00:40:00+00:00,85.92552
2025-08-09 00:45:00+00:00,86.9247
2025-08-09 00:50:00+00:00,89.92205999999999
2025-08-09 00:55:00+00:00,93.9186
2025-08-09 01:00:00+00:00,99.9135
2025-08-09 01:05:00+00:00,104.90922
2025-08-09 01:10:00+00:00,108.90576
2025-08-09 01:15:00+00:00,112.90230000000001
2025-08-09 01:20:00+00:00,118.89702
2025-08-09 01:25:00+00:00,121.89438
2025-08-09 01:30:00+00:00,123.89274
2025-08-09 01:35:00+00:00,127.88928
2025-08-09 01:40:00+00:00,127.88928
2025-08-09 01:45:00+00:00,127.88928
2025-08-09 01:50:00+00:00,130.88664
2025-08-09 01:55:00+00:00,130.88664
2025-08-09 02:00:00+00:00,130.88664
2025-08-09 02:05:00+00:00,129.88746
2025-08-09 02:10:00+00:00,127.88928
2025-08-09 02:15:00+00:00,119.8962
2025-08-09 02:20:00+00:00,110.90394
2025-08-09 02:25:00+00:00,101.91168
2025-08-09 02:30:00+00:00,90.92124
2025-08-09 02:35:00+00:00,75.93426
2025-08-09 02:40:00+00:00,75.93426
2025-08-09 02:45:00+00:00,75.93426
2025-08-09 02:50:00+00:00,70.93854
2025-08-09 02:55:00+00:00,78.93162
2025-08-09 03:00:00+00:00,75.93426
2025-08-09 03:05:00+00:00,66.942
2025-08-09 03:10:00+00:00,66.942
2025-08-09 03:15:00+00:00,69.93936000000001
2025-08-09 03:20:00+00:00,68.94036
2025-08-09 03:25:00+00:00,66.942
2025-08-09 03:30:00+00:00,67.94118
2025-08-09 03:35:00+00:00,70.93854
2025-08-09 03:40:00+00:00,70.93854
2025-08-09 03:45:00+00:00,69.93936000000001
2025-08-09 03:50:00+00:00,70.93854
2025-08-09 03:55:00+00:00,73.9359
2025-08-09 04:00:00+00:00,73.9359
2025-08-09 04:05:00+00:00,73.9359
2025-08-09 04:10:00+00:00,77.93244
2025-08-09 04:15:00+00:00,75.93426
2025-08-09 04:20:00+00:00,74.93508
2025-08-09 04:25:00+00:00,75.93426
2025-08-09 04:30:00+00:00,75.93426
2025-08-09 04:35:00+00:00,75.93426
2025-08-09 04:40:00+00:00,75.93426
2025-08-09 04:45:00+00:00,76.93343999999999
2025-08-09 04:50:00+00:00,74.93508
2025-08-09 04:55:00+00:00,73.9359
2025-08-09 05:00:00+00:00,73.9359
2025-08-09 05:05:00+00:00,72.93690000000001
2025-08-09 05:10:00+00:00,70.93854
2025-08-09 05:15:00+00:00,70.93854
2025-08-09 05:20:00+00:00,70.93854
2025-08-09 05:25:00+00:00,71.93772
2025-08-09 05:30:00+00:00,71.93772
2025-08-09 05:35:00+00:00,70.93854
2025-08-09 05:40:00+00:00,71.93772
2025-08-09 05:45:00+00:00,72.93690000000001
2025-08-09 05:50:00+00:00,70.93854
2025-08-09 05:55:00+00:00,69.93936000000001
2025-08-09 06:00:00+00:00,70.93854
2025-08-09 06:05:00+00:00,70.93854
2025-08-09 06:10:00+00:00,70.93854
2025-08-09 06:15:00+00:00,70.93854
2025-08-09 06:20:00+00:00,69.93936000000001
2025-08-09 06:25:00+00:00,69.93936000000001
2025-08-09 06:30:00+00:00,70.93854
2025-08-09 06:35:00+00:00,69.93936000000001
2025-08-09 06:40:00+00:00,71.93772
2025-08-09 06:45:00+00:00,71.93772
2025-08-09 06:50:00+00:00,71.93772
2025-08-09 06:55:00+00:00,71.93772
2025-08-09 07:00:00+00:00,71.93772
2025-08-09 07:05:00+00:00,71.93772
2025-08-09 07:10:00+00:00,73.9359
2025-08-09 07:15:00+00:00,73.9359
2025-08-09 07:20:00+00:00,73.9359
2025-08-09 07:25:00+00:00,74.93508
2025-08-09 07:30:00+00:00,76.93343999999999
2025-08-09 07:35:00+00:00,75.93426
2025-08-09 07:40:00+00:00,76.93343999999999
2025-08-09 07:45:00+00:00,78.93162
2025-08-09 07:50:00+00:00,75.93426
2025-08-09 07:55:00+00:00,73.9359
2025-08-09 08:00:00+00:00,74.93508
2025-08-09 08:05:00+00:00,75.93426
2025-08-09 08:10:00+00:00,76.93343999999999
2025-08-09 08:15:00+00:00,76.93343999999999
2025-08-09 08:20:00+00:00,77.93244
2025-08-09 08:25:00+00:00,77.93244
2025-08-09 08:30:00+00:00,76.93343999999999
2025-08-09 08:35:00+00:00,75.93426
2025-08-09 08:40:00+00:00,73.9359
2025-08-09 08:45:00+00:00,71.93772
2025-08-09 08:50:00+00:00,71.93772
2025-08-09 08:55:00+00:00,70.93854
2025-08-09 09:00:00+00:00,70.93854
2025-08-09 09:05:00+00:00,70.93854
2025-08-09 09:10:00+00:00,70.93854
2025-08-09 09:15:00+00:00,70.93854
2025-08-09 09:20:00+00:00,70.93854
2025-08-09 09:25:00+00:00,70.93854
2025-08-09 09:30:00+00:00,70.93854
2025-08-09 09:35:00+00:00,70.93854
2025-08-09 09:40:00+00:00,70.93854
2025-08-09 09:45:00+00:00,70.93854
2025-08-09 09:50:00+00:00,72.93690000000001
2025-08-09 09:55:00+00:00,73.9359
2025-08-09 10:00:00+00:00,74.93508
2025-08-09 10:05:00+00:00,76.93343999999999
2025-08-09 10:10:00+00:00,77.93244
2025-08-09 10:15:00+00:00,76.93343999999999
2025-08-09 10:20:00+00:00,74.93508
2025-08-09 10:25:00+00:00,73.9359
2025-08-09 10:30:00+00:00,73.9359
2025-08-09 10:35:00+00:00,72.93690000000001
2025-08-09 10:40:00+00:00,73.9359
2025-08-09 10:45:00+00:00,72.93690000000001
2025-08-09 10:50:00+00:00,72.93690000000001
2025-08-09 10:55:00+00:00,75.93426
2025-08-09 11:00:00+00:00,76.93343999999999
2025-08-09 11:05:00+00:00,76.93343999999999
2025-08-09 11:10:00+00:00,76.93343999999999
2025-08-09 11:15:00+00:00,78.93162
2025-08-09 11:20:00+00:00,79.9308
2025-08-09 11:25:00+00:00,79.9308
2025-08-09 11:30:00+00:00,80.92998
2025-08-09 11:35:00+00:00,80.92998
2025-08-09 11:40:00+00:00,79.9308
2025-08-09 11:45:00+00:00,77.93244
2025-08-09 11:50:00+00:00,75.93426
2025-08-09 11:55:00+00:00,75.93426
2025-08-09 12:00:00+00:00,72.93690000000001
2025-08-09 12:05:00+00:00,76.93343999999999
2025-08-09 12:10:00+00:00,78.93162
2025-08-09 12:15:00+00:00,76.93343999999999
2025-08-09 12:20:00+00:00,80.92998
2025-08-09 12:25:00+00:00,81.92898
2025-08-09 12:30:00+00:00,84.92652
2025-08-09 12:35:00+00:00,85.92552
2025-08-09 12:40:00+00:00,87.92388
2025-08-09 12:45:00+00:00,93.9186
2025-08-09 12:50:00+00:00,92.9196
2025-08-09 12:55:00+00:00,92.9196
2025-08-09 13:00:00+00:00,96.91614
2025-08-09 13:05:00+00:00,96.91614
2025-08-09 13:10:00+00:00,94.91778
2025-08-09 13:15:00+00:00,90.92124
2025-08-09 13:20:00+00:00,90.92124
2025-08-09 13:25:00+00:00,91.92042000000001
2025-08-09 13:30:00+00:00,90.92124
2025-08-09 13:35:00+00:00,90.92124
2025-08-09 13:40:00+00:00,91.92042000000001
2025-08-09 13:45:00+00:00,91.92042000000001
2025-08-09 13:50:00+00:00,91.92042000000001
2025-08-09 13:55:00+00:00,90.92124
2025-08-09 14:00:00+00:00,88.92306
2025-08-09 14:05:00+00:00,87.92388
2025-08-09 14:10:00+00:00,86.9247
2025-08-09 14:15:00+00:00,85.92552
2025-08-09 14:20:00+00:00,86.9247
2025-08-09 14:25:00+00:00,87.92388
2025-08-09 14:30:00+00:00,88.92306
2025-08-09 14:35:00+00:00,88.92306
2025-08-09 14:40:00+00:00,88.92306
2025-08-09 14:45:00+00:00,87.92388
2025-08-09 14:50:00+00:00,86.9247
2025-08-09 14:55:00+00:00,85.92552
2025-08-09 15:00:00+00:00,84.92652
2025-08-09 15:05:00+00:00,83.92734
2025-08-09 15:10:00+00:00,82.92816
2025-08-09 15:15:00+00:00,83.92734
2025-08-09 15:20:00+00:00,84.92652
2025-08-09 15:25:00+00:00,87.92388
2025-08-09 15:30:00+00:00,90.92124
2025-08-09 15:35:00+00:00,95.91695999999999
2025-08-09 15:40:00+00:00,102.91086
2025-08-09 15:45:00+00:00,110.90394
2025-08-09 15:50:00+00:00,113.90129999999999
2025-08-09 15:55:00+00:00,115.89966
2025-08-09 16:00:00+00:00,114.90047999999999
2025-08-09 16:05:00+00:00,106.90740000000001
2025-08-09 16:10:00+00:00,94.91778
2025-08-09 16:15:00+00:00,87.92388
2025-08-09 16:20:00+00:00,81.92898
2025-08-09 16:25:00+00:00,77.93244
2025-08-09 16:30:00+00:00,79.9308
2025-08-09 16:35:00+00:00,83.92734
2025-08-09 16:40:00+00:00,88.92306
2025-08-09 16:45:00+00:00,91.92042000000001
2025-08-09 16:50:00+00:00,94.91778
2025-08-09 16:55:00+00:00,97.91514
2025-08-09 17:00:00+00:00,97.91514
2025-08-09 17:05:00+00:00,95.91695999999999
2025-08-09 17:10:00+00:00,97.91514
2025-08-09 17:15:00+00:00,97.91514
2025-08-09 17:20:00+00:00,95.91695999999999
2025-08-09 17:25:00+00:00,94.91778
2025-08-09 17:30:00+00:00,92.9196
2025-08-09 17:35:00+00:00,90.92124
2025-08-09 17:40:00+00:00,89.92205999999999
2025-08-09 17:45:00+00:00,88.92306
2025-08-09 17:50:00+00:00,88.92306
2025-08-09 17:55:00+00:00,87.92388
2025-08-09 18:00:00+00:00,85.92552
2025-08-09 18:05:00+00:00,84.92652
2025-08-09 18:10:00+00:00,84.92652
2025-08-09 18:15:00+00:00,84.92652
2025-08-09 18:20:00+00:00,83.92734
2025-08-09 18:25:00+00:00,82.92816
2025-08-09 18:30:00+00:00,82.92816
2025-08-09 18:35:00+00:00,80.92998
2025-08-09 18:40:00+00:00,79.9308
2025-08-09 18:45:00+00:00,79.9308
2025-08-09 18:50:00+00:00,81.92898
2025-08-09 18:55:00+00:00,80.92998
2025-08-09 19:00:00+00:00,81.92898
2025-08-09 19:05:00+00:00,82.92816
2025-08-09 19:10:00+00:00,81.92898
2025-08-09 19:15:00+00:00,83.92734
2025-08-09 19:20:00+00:00,83.92734
2025-08-09 19:25:00+00:00,83.92734
2025-08-09 19:30:00+00:00,83.92734
2025-08-09 19:35:00+00:00,83.92734
2025-08-09 19:40:00+00:00,82.92816
2025-08-09 19:45:00+00:00,80.92998
2025-08-09 19:50:00+00:00,79.9308
2025-08-09 19:55:00+00:00,78.93162
2025-08-09 20:00:00+00:00,78.93162
2025-08-09 20:05:00+00:00,77.93244
2025-08-09 20:10:00+00:00,78.93162
2025-08-09 20:15:00+00:00,79.9308
2025-08-09 20:20:00+00:00,80.92998
2025-08-09 20:25:00+00:00,81.92898
2025-08-09 20:30:00+00:00,81.92898
2025-08-09 20:35:00+00:00,81.92898
2025-08-09 20:40:00+00:00,83.92734
2025-08-09 20:45:00+00:00,83.92734
2025-08-09 20:50:00+00:00,84.92652
2025-08-09 20:55:00+00:00,85.92552
2025-08-09 21:00:00+00:00,87.92388
2025-08-09 21:05:00+00:00,90.92124
2025-08-09 21:10:00+00:00,89.92205999999999
2025-08-09 21:15:00+00:00,92.9196
2025-08-09 21:20:00+00:00,94.91778
2025-08-09 21:25:00+00:00,94.91778
2025-08-09 21:30:00+00:00,96.91614
2025-08-09 21:35:00+00:00,98.91432
2025-08-09 21:40:00+00:00,100.91268
2025-08-09 21:45:00+00:00,103.91004
2025-08-09 21:50:00+00:00,106.90740000000001
2025-08-09 21:55:00+00:00,107.90658
2025-08-09 22:00:00+00:00,108.90576
2025-08-09 22:05:00+00:00,107.90658
2025-08-09 22:10:00+00:00,107.90658
2025-08-09 22:15:00+00:00,107.90658
2025-08-09 22:20:00+00:00,107.90658
2025-08-09 22:25:00+00:00,107.90658
2025-08-09 22:30:00+00:00,106.90740000000001
2025-08-09 22:35:00+00:00,104.90922
2025-08-09 22:40:00+00:00,103.91004
2025-08-09 22:45:00+00:00,101.91168
2025-08-09 22:50:00+00:00,99.9135
2025-08-09 22:55:00+00:00,98.91432
2025-08-09 23:00:00+00:00,96.91614
2025-08-09 23:05:00+00:00,95.91695999999999
2025-08-09 23:10:00+00:00,94.91778
2025-08-09 23:15:00+00:00,93.9186
2025-08-09 23:20:00+00:00,92.9196
2025-08-09 23:25:00+00:00,91.92042000000001
2025-08-09 23:30:00+00:00,91.92042000000001
2025-08-09 23:35:00+00:00,89.92205999999999
2025-08-09 23:40:00+00:00,89.92205999999999
2025-08-09 23:45:00+00:00,89.92205999999999
2025-08-09 23:50:00+00:00,88.92306
2025-08-09 23:55:00+00:00,88.92306
2025-08-10 00:00:00+00:00,87.92388
2025-08-10 00:05:00+00:00,87.92388
2025-08-10 00:10:00+00:00,88.92306
2025-08-10 00:15:00+00:00,87.92388
2025-08-10 00:20:00+00:00,86.9247
2025-08-10 00:25:00+00:00,87.92388
2025-08-10 00:30:00+00:00,87.92388
2025-08-10 00:35:00+00:00,87.92388
2025-08-10 00:40:00+00:00,86.9247
2025-08-10 00:45:00+00:00,86.9247
2025-08-10 00:50:00+00:00,88.92306
2025-08-10 00:55:00+00:00,88.92306
2025-08-10 01:00:00+00:00,91.92042000000001
2025-08-10 01:05:00+00:00,90.92124
2025-08-10 01:10:00+00:00,93.9186
2025-08-10 01:15:00+00:00,96.91614
2025-08-10 01:20:00+00:00,94.91778
2025-08-10 01:25:00+00:00,99.9135
2025-08-10 01:30:00+00:00,99.9135
2025-08-10 01:35:00+00:00,100.91268
2025-08-10 01:40:00+00:00,101.91168
2025-08-10 01:45:00+00:00,105.90822
2025-08-10 01:50:00+00:00,110.90394
2025-08-10 01:55:00+00:00,113.90129999999999
2025-08-10 02:00:00+00:00,116.89883999999999
2025-08-10 02:05:00+00:00,118.89702
2025-08-10 02:10:00+00:00,121.89438
2025-08-10 02:15:00+00:00,122.89356000000001
2025-08-10 02:20:00+00:00,119.8962
2025-08-10 02:25:00+00:00,119.8962
2025-08-10 02:30:00+00:00,118.89702
2025-08-10 02:35:00+00:00,116.89883999999999
2025-08-10 02:40:00+00:00,115.89966
2025-08-10 02:45:00+00:00,116.89883999999999
2025-08-10 02:50:00+00:00,115.89966
2025-08-10 02:55:00+00:00,113.90129999999999
2025-08-10 03:00:00+00:00,116.89883999999999
2025-08-10 03:05:00+00:00,114.90047999999999
2025-08-10 03:10:00+00:00,111.90312
2025-08-10 03:15:00+00:00,109.90476
2025-08-10 03:20:00+00:00,104.90922
2025-08-10 03:25:00+00:00,100.91268
2025-08-10 03:30:00+00:00,95.91695999999999
2025-08-10 03:35:00+00:00,93.9186
2025-08-10 03:40:00+00:00,90.92124
2025-08-10 03:45:00+00:00,86.9247
2025-08-10 03:50:00+00:00,84.92652
2025-08-10 03:55:00+00:00,79.9308
2025-08-10 04:00:00+00:00,81.92898
2025-08-10 04:05:00+00:00,80.92998
2025-08-10 04:10:00+00:00,77.93244
2025-08-10 04:15:00+00:00,78.93162
2025-08-10 04:20:00+00:00,79.9308
2025-08-10 04:25:00+00:00,78.93162
2025-08-10 04:30:00+00:00,77.93244
2025-08-10 04:35:00+00:00,76.93343999999999
2025-08-10 04:40:00+00:00,76.93343999999999
2025-08-10 04:45:00+00:00,75.93426
2025-08-10 04:50:00+00:00,74.93508
2025-08-10 04:55:00+00:00,74.93508
2025-08-10 05:00:00+00:00,75.93426
2025-08-10 05:05:00+00:00,74.93508
2025-08-10 05:10:00+00:00,74.93508
2025-08-10 05:15:00+00:00,73.9359
2025-08-10 05:20:00+00:00,72.93690000000001
2025-08-10 05:25:00+00:00,70.93854
2025-08-10 05:30:00+00:00,70.93854
2025-08-10 05:35:00+00:00,70.93854
2025-08-10 05:40:00+00:00,69.93936000000001
2025-08-10 05:45:00+00:00,69.93936000000001
2025-08-10 05:50:00+00:00,70.93854
2025-08-10 05:55:00+00:00,71.93772
2025-08-10 06:00:00+00:00,71.93772
2025-08-10 06:05:00+00:00,72.93690000000001
2025-08-10 06:10:00+00:00,72.93690000000001
2025-08-10 06:15:00+00:00,72.93690000000001
2025-08-10 06:20:00+00:00,72.93690000000001
2025-08-10 06:25:00+00:00,73.9359
2025-08-10 06:30:00+00:00,74.93508
2025-08-10 06:35:00+00:00,73.9359
2025-08-10 06:40:00+00:00,74.93508
2025-08-10 06:45:00+00:00,75.93426
2025-08-10 06:50:00+00:00,73.9359
2025-08-10 06:55:00+00:00,73.9359
2025-08-10 07:00:00+00:00,73.9359
2025-08-10 07:05:00+00:00,72.93690000000001
2025-08-10 07:10:00+00:00,72.93690000000001
2025-08-10 07:15:00+00:00,72.93690000000001
2025-08-10 07:20:00+00:00,72.93690000000001
2025-08-10 07:25:00+00:00,72.93690000000001
2025-08-10 07:30:00+00:00,72.93690000000001
2025-08-10 07:35:00+00:00,73.9359
2025-08-10 07:40:00+00:00,73.9359
2025-08-10 07:45:00+00:00,73.9359
2025-08-10 07:50:00+00:00,75.93426
2025-08-10 07:55:00+00:00,74.93508
2025-08-10 08:00:00+00:00,74.93508
2025-08-10 08:05:00+00:00,75.93426
2025-08-10 08:10:00+00:00,74.93508
2025-08-10 08:15:00+00:00,75.93426
2025-08-10 08:20:00+00:00,74.93508
2025-08-10 08:25:00+00:00,74.93508
2025-08-10 08:30:00+00:00,72.93690000000001
2025-08-10 08:35:00+00:00,69.93936000000001
2025-08-10 08:40:00+00:00,70.93854
2025-08-10 08:45:00+00:00,72.93690000000001
2025-08-10 08:50:00+00:00,72.93690000000001
2025-08-10 08:55:00+00:00,71.93772
2025-08-10 09:00:00+00:00,74.93508
2025-08-10 09:05:00+00:00,75.93426
2025-08-10 09:10:00+00:00,75.93426
2025-08-10 09:15:00+00:00,76.93343999999999
2025-08-10 09:20:00+00:00,75.93426
2025-08-10 09:25:00+00:00,72.93690000000001
2025-08-10 09:30:00+00:00,72.93690000000001
2025-08-10 09:35:00+00:00,73.9359
2025-08-10 09:40:00+00:00,72.93690000000001
2025-08-10 09:45:00+00:00,72.93690000000001
2025-08-10 09:50:00+00:00,74.93508
2025-08-10 09:55:00+00:00,77.93244
2025-08-10 10:00:00+00:00,76.93343999999999
2025-08-10 10:05:00+00:00,74.93508
2025-08-10 10:10:00+00:00,74.93508
2025-08-10 10:15:00+00:00,71.93772
2025-08-10 10:20:00+00:00,68.94036
2025-08-10 10:25:00+00:00,70.93854
2025-08-10 10:30:00+00:00,72.93690000000001
2025-08-10 10:35:00+00:00,71.93772
2025-08-10 10:40:00+00:00,72.93690000000001
2025-08-10 10:45:00+00:00,71.93772
2025-08-10 10:50:00+00:00,69.93936000000001
2025-08-10 10:55:00+00:00,72.93690000000001
2025-08-10 11:00:00+00:00,73.9359
2025-08-10 11:05:00+00:00,73.9359
2025-08-10 11:10:00+00:00,74.93508
2025-08-10 11:15:00+00:00,75.93426
2025-08-10 11:20:00+00:00,72.93690000000001
2025-08-10 11:25:00+00:00,71.93772
2025-08-10 11:30:00+00:00,70.93854
2025-08-10 11:35:00+00:00,69.93936000000001
2025-08-10 11:40:00+00:00,72.93690000000001
2025-08-10 11:45:00+00:00,71.93772
2025-08-10 11:50:00+00:00,71.93772
2025-08-10 11:55:00+00:00,75.93426
2025-08-10 12:00:00+00:00,75.93426
2025-08-10 12:05:00+00:00,76.93343999999999
2025-08-10 12:10:00+00:00,81.92898
2025-08-10 12:15:00+00:00,83.92734
2025-08-10 12:20:00+00:00,83.92734
2025-08-10 12:25:00+00:00,85.92552
2025-08-10 12:30:00+00:00,85.92552
2025-08-10 12:35:00+00:00,82.92816
2025-08-10 12:40:00+00:00,82.92816
2025-08-10 12:45:00+00:00,84.92652
2025-08-10 12:50:00+00:00,84.92652
2025-08-10 12:55:00+00:00,83.92734
2025-08-10 13:00:00+00:00,85.92552
2025-08-10 13:05:00+00:00,86.9247
2025-08-10 13:10:00+00:00,87.92388
2025-08-10 13:15:00+00:00,89.92205999999999
2025-08-10 13:20:00+00:00,90.92124
2025-08-10 13:25:00+00:00,89.92205999999999
2025-08-10 13:30:00+00:00,91.92042000000001
2025-08-10 13:35:00+00:00,98.91432
2025-08-10 13:40:00+00:00,97.91514
2025-08-10 13:45:00+00:00,100.91268
2025-08-10 13:50:00+00:00,104.90922
2025-08-10 13:55:00+00:00,102.91086
2025-08-10 14:00:00+00:00,101.91168
2025-08-10 14:05:00+00:00,106.90740000000001
2025-08-10 14:10:00+00:00,108.90576
2025-08-10 14:15:00+00:00,108.90576
2025-08-10 14:20:00+00:00,109.90476
2025-08-10 14:25:00+00:00,109.90476
2025-08-10 14:30:00+00:00,108.90576
2025-08-10 14:35:00+00:00,106.90740000000001
2025-08-10 14:40:00+00:00,101.91168
2025-08-10 14:45:00+00:00,96.91614
2025-08-10 14:50:00+00:00,92.9196
2025-08-10 14:55:00+00:00,88.92306
2025-08-10 15:00:00+00:00,84.92652
2025-08-10 15:05:00+00:00,82.92816
2025-08-10 15:10:00+00:00,83.92734
2025-08-10 15:15:00+00:00,81.92898
2025-08-10 15:20:00+00:00,80.92998
2025-08-10 15:25:00+00:00,82.92816
2025-08-10 15:30:00+00:00,80.92998
2025-08-10 15:35:00+00:00,81.92898
2025-08-10 15:40:00+00:00,78.93162
2025-08-10 15:45:00+00:00,78.93162
2025-08-10 15:50:00+00:00,83.92734
2025-08-10 15:55:00+00:00,77.93244
2025-08-10 16:00:00+00:00,79.9308
2025-08-10 16:05:00+00:00,82.92816
2025-08-10 16:10:00+00:00,78.93162
2025-08-10 16:15:00+00:00,79.9308
2025-08-10 16:20:00+00:00,79.9308
2025-08-10 16:25:00+00:00,80.92998
2025-08-10 16:30:00+00:00,82.92816
2025-08-10 16:35:00+00:00,83.92734
2025-08-10 16:40:00+00:00,87.92388
2025-08-10 16:45:00+00:00,88.92306
2025-08-10 16:50:00+00:00,90.92124
2025-08-10 16:55:00+00:00,94.91778
2025-08-10 17:00:00+00:00,96.91614
2025-08-10 17:05:00+00:00,102.91086
2025-08-10 17:10:00+00:00,111.90312
2025-08-10 17:15:00+00:00,119.8962
2025-08-10 17:20:00+00:00,119.8962
2025-08-10 17:25:00+00:00,120.89537999999999
2025-08-10 17:30:00+00:00,125.89092000000001
2025-08-10 17:35:00+00:00,123.89274
2025-08-10 17:40:00+00:00,125.89092000000001
2025-08-10 17:45:00+00:00,127.88928
2025-08-10 17:50:00+00:00,127.88928
2025-08-10 17:55:00+00:00,129.88746
2025-08-10 18:00:00+00:00,122.89356000000001
2025-08-10 18:05:00+00:00,127.88928
2025-08-10 18:10:00+00:00,129.88746
2025-08-10 18:15:00+00:00,126.8901
2025-08-10 18:20:00+00:00,130.88664
2025-08-10 18:25:00+00:00,134.88317999999998
2025-08-10 18:30:00+00:00,138.87972
2025-08-10 18:35:00+00:00,140.87807999999998
2025-08-10 18:40:00+00:00,141.87708
2025-08-10 18:45:00+00:00,142.87626
2025-08-10 18:50:00+00:00,141.87708
2025-08-10 18:55:00+00:00,139.8789
2025-08-10 19:00:00+00:00,136.88154
2025-08-10 19:05:00+00:00,133.884
2025-08-10 19:10:00+00:00,128.88846
2025-08-10 19:15:00+00:00,123.89274
2025-08-10 19:20:00+00:00,120.89537999999999
2025-08-10 19:25:00+00:00,116.89883999999999
2025-08-10 19:30:00+00:00,114.90047999999999
2025-08-10 19:35:00+00:00,113.90129999999999
2025-08-10 19:40:00+00:00,113.90129999999999
2025-08-10 19:45:00+00:00,115.89966
2025-08-10 19:50:00+00:00,116.89883999999999
2025-08-10 19:55:00+00:00,119.8962
2025-08-10 20:00:00+00:00,121.89438
2025-08-10 20:05:00+00:00,123.89274
2025-08-10 20:10:00+00:00,123.89274
2025-08-10 20:15:00+00:00,123.89274
2025-08-10 20:20:00+00:00,125.89092000000001
2025-08-10 20:25:00+00:00,123.89274
2025-08-10 20:30:00+00:00,122.89356000000001
2025-08-10 20:35:00+00:00,125.89092000000001
2025-08-10 20:40:00+00:00,122.89356000000001
2025-08-10 20:45:00+00:00,122.89356000000001
2025-08-10 20:50:00+00:00,123.89274
2025-08-10 20:55:00+00:00,125.89092000000001
2025-08-10 21:00:00+00:00,127.88928
2025-08-10 21:05:00+00:00,126.8901
2025-08-10 21:10:00+00:00,122.89356000000001
2025-08-10 21:15:00+00:00,121.89438
2025-08-10 21:20:00+00:00,122.89356000000001
2025-08-10 21:25:00+00:00,113.90129999999999
2025-08-10 21:30:00+00:00,109.90476
2025-08-10 21:35:00+00:00,108.90576
2025-08-10 21:40:00+00:00,97.91514
2025-08-10 21:45:00+00:00,91.92042000000001
2025-08-10 21:50:00+00:00,90.92124
2025-08-10 21:55:00+00:00,86.9247
2025-08-10 22:00:00+00:00,83.92734
2025-08-10 22:05:00+00:00,80.92998
2025-08-10 22:10:00+00:00,79.9308
2025-08-10 22:15:00+00:00,77.93244
2025-08-10 22:20:00+00:00,75.93426
2025-08-10 22:25:00+00:00,73.9359
2025-08-10 22:30:00+00:00,72.93690000000001
2025-08-10 22:35:00+00:00,70.93854
2025-08-10 22:40:00+00:00,69.93936000000001
2025-08-10 22:45:00+00:00,68.94036
2025-08-10 22:50:00+00:00,67.94118
2025-08-10 22:55:00+00:00,67.94118
2025-08-10 23:00:00+00:00,67.94118
2025-08-10 23:05:00+00:00,68.94036
2025-08-10 23:10:00+00:00,70.93854
2025-08-10 23:15:00+00:00,74.93508
2025-08-10 23:20:00+00:00,78.93162
2025-08-10 23:25:00+00:00,81.92898
2025-08-10 23:30:00+00:00,85.92552
2025-08-10 23:35:00+00:00,88.92306
2025-08-10 23:40:00+00:00,92.9196
2025-08-10 23:45:00+00:00,93.9186
2025-08-10 23:50:00+00:00,95.91695999999999
2025-08-10 23:55:00+00:00,93.9186
2025-08-11 00:00:00+00:00,91.92042000000001
2025-08-11 00:05:00+00:00,92.9196
2025-08-11 00:10:00+00:00,86.9247
2025-08-11 00:15:00+00:00,85.92552
2025-08-11 00:20:00+00:00,84.92652
2025-08-11 00:25:00+00:00,83.92734
2025-08-11 00:30:00+00:00,83.92734
2025-08-11 00:35:00+00:00,85.92552
2025-08-11 00:40:00+00:00,85.92552
2025-08-11 00:45:00+00:00,84.92652
2025-08-11 00:50:00+00:00,85.92552
2025-08-11 00:55:00+00:00,85.92552
2025-08-11 01:00:00+00:00,83.92734
2025-08-11 01:05:00+00:00,84.92652
2025-08-11 01:10:00+00:00,83.92734
2025-08-11 01:15:00+00:00,81.92898
2025-08-11 01:20:00+00:00,82.92816
2025-08-11 01:25:00+00:00,85.92552
2025-08-11 01:30:00+00:00,83.92734
2025-08-11 01:35:00+00:00,79.9308
2025-08-11 01:40:00+00:00,87.92388
2025-08-11 01:45:00+00:00,88.92306
2025-08-11 01:50:00+00:00,87.92388
2025-08-11 01:55:00+00:00,95.91695999999999
2025-08-11 02:00:00+00:00,94.91778
2025-08-11 02:05:00+00:00,87.92388
2025-08-11 02:10:00+00:00,85.92552
2025-08-11 02:15:00+00:00,88.92306
2025-08-11 02:20:00+00:00,89.92205999999999
2025-08-11 02:25:00+00:00,85.92552
2025-08-11 02:30:00+00:00,86.9247
2025-08-11 02:35:00+00:00,87.92388
2025-08-11 02:40:00+00:00,88.92306
2025-08-11 02:45:00+00:00,88.92306
2025-08-11 02:50:00+00:00,87.92388
2025-08-11 02:55:00+00:00,88.92306
2025-08-11 03:00:00+00:00,89.92205999999999
2025-08-11 03:05:00+00:00,89.92205999999999
2025-08-11 03:10:00+00:00,87.92388
2025-08-11 03:15:00+00:00,90.92124
2025-08-11 03:20:00+00:00,89.92205999999999
2025-08-11 03:25:00+00:00,87.92388
2025-08-11 03:30:00+00:00,89.92205999999999
2025-08-11 03:35:00+00:00,85.92552
2025-08-11 03:40:00+00:00,82.92816
2025-08-11 03:45:00+00:00,81.92898
2025-08-11 03:50:00+00:00,80.92998
2025-08-11 03:55:00+00:00,80.92998
2025-08-11 04:00:00+00:00,80.92998
2025-08-11 04:05:00+00:00,82.92816
2025-08-11 04:10:00+00:00,82.92816
2025-08-11 04:15:00+00:00,84.92652
2025-08-11 04:20:00+00:00,83.92734
2025-08-11 04:25:00+00:00,83.92734
2025-08-11 04:30:00+00:00,84.92652
2025-08-11 04:35:00+00:00,82.92816
2025-08-11 04:40:00+00:00,81.92898
2025-08-11 04:45:00+00:00,81.92898
2025-08-11 04:50:00+00:00,81.92898
2025-08-11 04:55:00+00:00,80.92998
2025-08-11 05:00:00+00:00,79.9308
2025-08-11 05:05:00+00:00,80.92998
2025-08-11 05:10:00+00:00,80.92998
2025-08-11 05:15:00+00:00,79.9308
2025-08-11 05:20:00+00:00,79.9308
2025-08-11 05:25:00+00:00,79.9308
2025-08-11 05:30:00+00:00,79.9308
2025-08-11 05:35:00+00:00,78.93162
2025-08-11 05:40:00+00:00,77.93244
2025-08-11 05:45:00+00:00,77.93244
2025-08-11 05:50:00+00:00,74.93508
2025-08-11 05:55:00+00:00,77.93244
2025-08-11 06:00:00+00:00,76.93343999999999
2025-08-11 06:05:00+00:00,75.93426
2025-08-11 06:10:00+00:00,81.92898
2025-08-11 06:15:00+00:00,79.9308
2025-08-11 06:20:00+00:00,78.93162
2025-08-11 06:25:00+00:00,80.92998
2025-08-11 06:30:00+00:00,80.92998
2025-08-11 06:35:00+00:00,81.92898
2025-08-11 06:40:00+00:00,81.92898
2025-08-11 06:45:00+00:00,81.92898
2025-08-11 06:50:00+00:00,81.92898
2025-08-11 06:55:00+00:00,80.92998
2025-08-11 07:00:00+00:00,83.92734
2025-08-11 07:05:00+00:00,81.92898
2025-08-11 07:10:00+00:00,79.9308
2025-08-11 07:15:00+00:00,77.93244
2025-08-11 07:20:00+00:00,76.93343999999999
2025-08-11 07:25:00+00:00,75.93426
2025-08-11 07:30:00+00:00,73.9359
2025-08-11 07:35:00+00:00,73.9359
2025-08-11 07:40:00+00:00,75.93426
2025-08-11 07:45:00+00:00,76.93343999999999
2025-08-11 07:50:00+00:00,77.93244
2025-08-11 07:55:00+00:00,80.92998
2025-08-11 08:00:00+00:00,79.9308
2025-08-11 08:05:00+00:00,77.93244
2025-08-11 08:10:00+00:00,77.93244
2025-08-11 08:15:00+00:00,76.93343999999999
2025-08-11 08:20:00+00:00,75.93426
2025-08-11 08:25:00+00:00,74.93508
2025-08-11 08:30:00+00:00,75.93426
2025-08-11 08:35:00+00:00,75.93426
2025-08-11 08:40:00+00:00,75.93426
2025-08-11 08:45:00+00:00,75.93426
2025-08-11 08:50:00+00:00,75.93426
2025-08-11 08:55:00+00:00,75.93426
2025-08-11 09:00:00+00:00,75.93426
2025-08-11 09:05:00+00:00,77.93244
2025-08-11 09:10:00+00:00,77.93244
2025-08-11 09:15:00+00:00,79.9308
2025-08-11 09:20:00+00:00,79.9308
2025-08-11 09:25:00+00:00,76.93343999999999
2025-08-11 09:30:00+00:00,78.93162
2025-08-11 09:35:00+00:00,76.93343999999999
2025-08-11 09:40:00+00:00,73.9359
2025-08-11 09:45:00+00:00,76.93343999999999
2025-08-11 09:50:00+00:00,76.93343999999999
2025-08-11 09:55:00+00:00,73.9359
2025-08-11 10:00:00+00:00,74.93508
2025-08-11 10:05:00+00:00,74.93508
2025-08-11 10:10:00+00:00,73.9359
2025-08-11 10:15:00+00:00,72.93690000000001
2025-08-11 10:20:00+00:00,74.93508
2025-08-11 10:25:00+00:00,74.93508
2025-08-11 10:30:00+00:00,73.9359
2025-08-11 10:35:00+00:00,75.93426
2025-08-11 10:40:00+00:00,75.93426
2025-08-11 10:45:00+00:00,75.93426
2025-08-11 10:50:00+00:00,76.93343999999999
2025-08-11 10:55:00+00:00,76.93343999999999
2025-08-11 11:00:00+00:00,76.93343999999999
2025-08-11 11:05:00+00:00,76.93343999999999
2025-08-11 11:10:00+00:00,77.93244
2025-08-11 11:15:00+00:00,76.93343999999999
2025-08-11 11:20:00+00:00,74.93508
2025-08-11 11:25:00+00:00,75.93426
2025-08-11 11:30:00+00:00,77.93244
2025-08-11 11:35:00+00:00,77.93244
2025-08-11 11:40:00+00:00,80.92998
2025-08-11 11:45:00+00:00,82.92816
2025-08-11 11:50:00+00:00,81.92898
2025-08-11 11:55:00+00:00,83.92734
2025-08-11 12:00:00+00:00,83.92734
2025-08-11 12:05:00+00:00,83.92734
2025-08-11 12:10:00+00:00,81.92898
2025-08-11 12:15:00+00:00,79.9308
2025-08-11 12:20:00+00:00,81.92898
2025-08-11 12:25:00+00:00,79.9308
2025-08-11 12:30:00+00:00,80.92998
2025-08-11 12:35:00+00:00,81.92898
2025-08-11 12:40:00+00:00,79.9308
2025-08-11 12:45:00+00:00,81.92898
2025-08-11 12:50:00+00:00,81.92898
2025-08-11 12:55:00+00:00,81.92898
2025-08-11 13:00:00+00:00,84.92652
2025-08-11 13:05:00+00:00,85.92552
2025-08-11 13:10:00+00:00,84.92652
2025-08-11 13:15:00+00:00,82.92816
2025-08-11 13:20:00+00:00,85.92552
2025-08-11 13:25:00+00:00,83.92734
2025-08-11 13:30:00+00:00,85.92552
2025-08-11 13:35:00+00:00,88.92306
2025-08-11 13:40:00+00:00,90.92124
2025-08-11 13:45:00+00:00,92.9196
2025-08-11 13:50:00+00:00,90.92124
2025-08-11 13:55:00+00:00,92.9196
2025-08-11 14:00:00+00:00,95.91695999999999
2025-08-11 14:05:00+00:00,95.91695999999999
2025-08-11 14:10:00+00:00,96.91614
2025-08-11 14:15:00+00:00,96.91614
2025-08-11 14:20:00+00:00,99.9135
2025-08-11 14:25:00+00:00,98.91432
2025-08-11 14:30:00+00:00,97.91514
2025-08-11 14:35:00+00:00,97.91514
2025-08-11 14:40:00+00:00,93.9186
2025-08-11 14:45:00+00:00,90.92124
2025-08-11 14:50:00+00:00,88.92306
2025-08-11 14:55:00+00:00,87.92388
2025-08-11 15:00:00+00:00,86.9247
2025-08-11 15:05:00+00:00,85.92552
2025-08-11 15:10:00+00:00,87.92388
2025-08-11 15:15:00+00:00,87.92388
2025-08-11 15:20:00+00:00,89.92205999999999
2025-08-11 15:25:00+00:00,88.92306
2025-08-11 15:30:00+00:00,87.92388
2025-08-11 15:35:00+00:00,88.92306
2025-08-11 15:40:00+00:00,86.9247
2025-08-11 15:45:00+00:00,85.92552
2025-08-11 15:50:00+00:00,84.92652
2025-08-11 15:55:00+00:00,84.92652
2025-08-11 16:00:00+00:00,84.92652
2025-08-11 16:05:00+00:00,83.92734
2025-08-11 16:10:00+00:00,84.92652
2025-08-11 16:15:00+00:00,86.9247
2025-08-11 16:20:00+00:00,84.92652
2025-08-11 16:25:00+00:00,83.92734
2025-08-11 16:30:00+00:00,84.92652
2025-08-11 16:35:00+00:00,85.92552
2025-08-11 16:40:00+00:00,85.92552
2025-08-11 16:45:00+00:00,87.92388
2025-08-11 16:50:00+00:00,89.92205999999999
2025-08-11 16:55:00+00:00,94.91778
2025-08-11 17:00:00+00:00,99.9135
2025-08-11 17:05:00+00:00,102.91086
2025-08-11 17:10:00+00:00,107.90658
2025-08-11 17:15:00+00:00,111.90312
2025-08-11 17:20:00+00:00,114.90047999999999
2025-08-11 17:25:00+00:00,116.89883999999999
2025-08-11 17:30:00+00:00,117.89784
2025-08-11 17:35:00+00:00,117.89784
2025-08-11 17:40:00+00:00,117.89784
2025-08-11 17:45:00+00:00,114.90047999999999
2025-08-11 17:50:00+00:00,111.90312
2025-08-11 17:55:00+00:00,108.90576
2025-08-11 18:00:00+00:00,103.91004
2025-08-11 18:05:00+00:00,100.91268
2025-08-11 18:10:00+00:00,97.91514
2025-08-11 18:15:00+00:00,93.9186
2025-08-11 18:20:00+00:00,91.92042000000001
2025-08-11 18:25:00+00:00,90.92124
2025-08-11 18:30:00+00:00,88.92306
2025-08-11 18:35:00+00:00,86.9247
2025-08-11 18:40:00+00:00,86.9247
2025-08-11 18:45:00+00:00,87.92388
2025-08-11 18:50:00+00:00,86.9247
2025-08-11 18:55:00+00:00,88.92306
2025-08-11 19:00:00+00:00,91.92042000000001
2025-08-11 19:05:00+00:00,93.9186
2025-08-11 19:10:00+00:00,97.91514
2025-08-11 19:15:00+00:00,102.91086
2025-08-11 19:20:00+00:00,107.90658
2025-08-11 19:25:00+00:00,111.90312
2025-08-11 19:30:00+00:00,115.89966
2025-08-11 19:35:00+00:00,121.89438
2025-08-11 19:40:00+00:00,126.8901
2025-08-11 19:45:00+00:00,130.88664
2025-08-11 19:50:00+00:00,132.885
2025-08-11 19:55:00+00:00,134.88317999999998
2025-08-11 20:00:00+00:00,138.87972
2025-08-11 20:05:00+00:00,138.87972
2025-08-11 20:10:00+00:00,138.87972
2025-08-11 20:15:00+00:00,138.87972
2025-08-11 20:20:00+00:00,136.88154
2025-08-11 20:25:00+00:00,134.88317999999998
2025-08-11 20:30:00+00:00,132.885
2025-08-11 20:35:00+00:00,129.88746
2025-08-11 20:40:00+00:00,127.88928
2025-08-11 20:45:00+00:00,125.89092000000001
2025-08-11 20:50:00+00:00,122.89356000000001
2025-08-11 20:55:00+00:00,121.89438
2025-08-11 21:00:00+00:00,120.89537999999999
2025-08-11 21:05:00+00:00,114.90047999999999
2025-08-11 21:10:00+00:00,110.90394
2025-08-11 21:15:00+00:00,111.90312
2025-08-11 21:20:00+00:00,108.90576
2025-08-11 21:25:00+00:00,101.91168
2025-08-11 21:30:00+00:00,100.91268
2025-08-11 21:35:00+00:00,94.91778
2025-08-11 21:40:00+00:00,86.9247
2025-08-11 21:45:00+00:00,89.92205999999999
2025-08-11 21:50:00+00:00,90.92124
2025-08-11 21:55:00+00:00,83.92734
2025-08-11 22:00:00+00:00,84.92652
2025-08-11 22:05:00+00:00,83.92734
2025-08-11 22:10:00+00:00,79.9308
